CustomerID,Gender,Region,SignupChannel,PreferredCategory,Age,AnnualIncome,TenureMonths,LoyaltyMember,WebsiteVisitsPerMonth,EmailOpenRate,SupportTickets,DiscountUsedPct,NumPurchases,AvgOrderValue,TotalSpend,LastPurchaseDaysAgo,WillPurchaseNextMonth
CUST100001,Male,East,Referral,Home & Living,46,69894.76,12,1,11,0.256,0,0.277,5,90.35,454.49,53,0
CUST100002,Male,East,Organic,Sports,38,82596.78,12,1,6,0.507,2,0.32,8,80.97,617.81,100,1
CUST100003,Male,West,Social Media,Groceries,48,47855.39,45,1,14,0.242,2,0.27,5,93.58,475.71,1,1
CUST100004,Male,North,Referral,Sports,60,42529.32,45,1,9,0.45,0,0.333,11,89.41,985.96,1,0
CUST100005,Male,East,Referral,Electronics,37,34868.02,15,1,5,0.368,3,0.371,4,100.09,439.96,82,1
CUST100006,Female,West,Organic,Groceries,37,38887.03,32,0,7,0.302,2,0.148,6,85.26,573.38,95,0
CUST100007,Female,South,Referral,Fashion,61,180000.0,35,0,6,0.224,1,0.205,5,168.07,852.24,124,0
CUST100008,Female,West,Social Media,Electronics,50,92767.71,29,1,18,0.602,1,0.109,10,90.16,931.78,6,1
CUST100009,Male,North,Referral,Groceries,34,31183.28,49,0,10,0.607,0,0.176,6,75.2,450.63,13,1
CUST100010,Male,East,Other,Electronics,47,31560.33,22,1,9,0.396,3,0.136,8,95.98,802.2,29,1
CUST100011,Male,West,Other,Beauty,34,67337.48,23,0,7,0.362,4,0.474,4,96.58,424.42,146,0
CUST100012,Other,East,Organic,Groceries,34,69212.7,49,0,10,0.149,1,0.453,4,92.34,432.57,76,1
CUST100013,Female,South,Organic,Groceries,43,69259.78,12,0,10,0.32,1,0.406,7,58.63,324.09,46,0
CUST100014,Female,North,Social Media,Electronics,18,49414.89,44,0,0,0.309,1,0.392,8,41.47,357.54,106,0
CUST100015,Male,West,Referral,Electronics,18,52177.03,62,1,11,0.246,2,0.078,7,66.41,452.81,74,1
CUST100016,Female,South,Organic,Beauty,33,63120.31,38,0,7,0.625,1,0.126,4,94.28,398.29,300,1
CUST100017,Male,North,Organic,Home & Living,27,57020.35,28,0,3,0.359,1,0.374,1,47.52,69.83,191,0
CUST100018,Female,East,Search,Electronics,44,21654.8,13,1,12,0.455,1,0.143,6,93.47,524.98,36,1
CUST100019,Female,South,Social Media,Fashion,28,49939.75,32,0,14,0.315,1,0.383,10,74.03,665.0,68,0
CUST100020,Female,North,Organic,Home & Living,22,38464.76,18,1,11,0.488,1,0.18,7,75.92,546.22,17,1
CUST100021,Female,North,Organic,Electronics,59,59200.03,24,1,12,0.336,2,0.61,8,133.44,1049.72,33,0
CUST100022,Male,North,Other,Home & Living,37,180000.0,35,1,15,0.495,0,0.383,6,167.44,1035.47,15,1
CUST100023,Female,East,Social Media,Groceries,41,64178.96,17,1,6,0.263,0,0.549,8,83.59,661.09,32,1
CUST100024,Female,East,Search,Groceries,21,48214.06,14,0,1,0.501,1,0.06,4,91.07,397.27,84,0
CUST100025,Male,East,Social Media,Fashion,33,81003.29,21,1,11,0.372,0,0.428,5,100.29,516.39,75,1
CUST100026,Male,West,Referral,Fashion,41,67360.72,58,1,8,0.499,1,0.302,8,112.22,833.96,65,1
CUST100027,Male,West,Social Media,Fashion,25,65612.94,35,1,4,0.419,5,0.4,3,85.17,255.92,147,0
CUST100028,Male,East,Referral,Home & Living,45,70966.68,18,0,7,0.193,2,0.252,8,67.06,536.47,1,0
CUST100029,Male,North,Organic,Sports,32,130461.93,19,1,11,0.626,0,0.102,3,115.91,333.05,116,1
CUST100030,Female,East,Social Media,Beauty,36,34204.6,52,1,8,0.383,2,0.154,3,98.58,320.66,38,0
CUST100031,Male,South,Referral,Sports,32,67105.01,12,1,6,0.422,6,0.168,6,92.0,512.43,31,1
CUST100032,Male,East,Other,Fashion,64,37272.4,57,0,6,0.452,0,0.16,4,98.9,464.94,61,1
CUST100033,Female,East,Referral,Beauty,40,69452.88,16,0,7,0.488,1,0.681,4,112.23,386.92,67,0
CUST100034,Female,South,Other,Groceries,26,37393.05,56,1,3,0.596,1,0.315,5,103.8,455.75,139,1
CUST100035,Female,West,Other,Sports,51,46156.56,45,0,7,0.152,3,0.124,6,92.37,580.62,39,0
CUST100036,Male,North,Organic,Fashion,24,48588.92,15,0,3,0.141,2,0.22,1,54.27,151.05,157,0
CUST100037,Female,East,Social Media,Beauty,43,82861.97,41,1,11,0.583,0,0.312,7,67.22,442.52,108,0
CUST100038,Female,North,Referral,Home & Living,18,80889.5,10,0,2,0.149,0,0.281,5,98.41,512.64,39,0
CUST100039,Male,West,Other,Groceries,23,32594.12,50,0,10,0.117,1,0.305,6,86.23,566.18,39,0
CUST100040,Male,North,Referral,Electronics,43,56283.73,15,0,6,0.133,5,0.501,6,85.63,503.68,61,1
CUST100041,Female,North,Social Media,Groceries,50,40825.61,50,0,5,0.646,1,0.203,8,86.52,668.6,81,1
CUST100042,Female,South,Referral,Fashion,42,32419.53,12,0,8,0.15,0,0.396,5,75.14,433.65,19,1
CUST100043,Female,South,Organic,Beauty,38,50208.58,16,0,4,0.152,0,0.296,2,83.31,181.87,69,0
CUST100044,Female,North,Organic,Home & Living,36,48316.37,65,0,8,0.143,1,0.552,7,87.78,639.29,83,0
CUST100045,Female,East,Referral,Groceries,21,152406.93,38,1,6,0.428,2,0.123,6,137.87,770.45,1,1
CUST100046,Female,South,Social Media,Groceries,31,65968.43,17,1,7,0.404,2,0.594,5,95.86,499.26,140,0
CUST100047,Male,North,Search,Beauty,34,30837.57,33,0,8,0.219,2,0.196,7,74.62,565.43,6,0
CUST100048,Male,South,Search,Electronics,54,43385.62,33,0,3,0.073,0,0.153,1,81.09,103.05,116,0
CUST100049,Male,West,Referral,Fashion,44,84463.05,25,0,3,0.504,3,0.531,7,99.73,721.86,24,1
CUST100050,Female,East,Search,Home & Living,18,132221.58,33,1,10,0.58,1,0.305,1,77.73,150.67,42,0
CUST100051,Female,East,Organic,Beauty,44,28253.58,53,1,9,0.474,3,0.492,3,100.33,326.36,56,1
CUST100052,Female,East,Social Media,Electronics,35,24972.24,44,0,8,0.17,1,0.152,5,69.05,398.77,142,1
CUST100053,Male,South,Other,Fashion,31,120679.53,39,0,8,0.142,0,0.118,3,90.89,308.51,179,1
CUST100054,Female,North,Referral,Beauty,48,64778.33,16,1,9,0.458,2,0.213,6,122.46,709.57,9,1
CUST100055,Male,South,Organic,Sports,53,38192.92,12,1,11,0.268,2,0.086,8,84.68,689.02,45,1
CUST100056,Male,West,Organic,Sports,52,68846.36,27,0,7,0.215,5,0.216,3,73.25,245.82,35,0
CUST100057,Female,West,Search,Fashion,29,18179.95,45,1,2,0.264,3,0.513,5,89.97,346.96,55,0
CUST100058,Female,South,Search,Home & Living,36,55078.03,7,1,3,0.464,0,0.347,7,82.69,587.31,58,1
CUST100059,Other,North,Social Media,Groceries,44,63118.76,22,1,15,0.256,4,0.273,5,89.33,501.08,89,0
CUST100060,Male,North,Organic,Beauty,53,81087.32,37,0,7,0.211,1,0.238,4,112.06,406.8,58,1
CUST100061,Female,South,Social Media,Beauty,34,35927.28,57,1,12,0.425,1,0.187,6,101.8,561.45,83,1
CUST100062,Male,East,Search,Electronics,38,57015.42,5,0,6,0.302,1,0.308,3,60.23,196.1,14,0
CUST100063,Male,North,Referral,Home & Living,26,37287.38,27,1,9,0.32,1,0.167,6,81.11,435.06,127,0
CUST100064,Female,West,Search,Electronics,24,61227.37,21,1,7,0.25,1,0.348,2,64.34,179.69,57,0
CUST100065,Female,South,Organic,Fashion,51,37761.41,29,0,15,0.46,5,0.416,3,73.22,196.48,26,1
CUST100066,Female,West,Referral,Sports,58,46336.54,39,1,10,0.505,2,0.073,2,79.49,189.49,41,0
CUST100067,Male,West,Social Media,Beauty,39,36201.14,9,0,5,0.349,3,0.445,11,96.37,1019.02,16,1
CUST100068,Female,West,Referral,Sports,53,72299.01,16,0,2,0.144,4,0.215,6,73.87,534.08,72,0
CUST100069,Male,East,Social Media,Groceries,45,78876.45,17,0,13,0.234,4,0.069,6,103.66,721.33,123,0
CUST100070,Female,East,Search,Fashion,32,49838.74,23,0,6,0.47,2,0.317,4,75.09,351.09,250,1
CUST100071,Male,East,Organic,Home & Living,45,55890.43,51,0,9,0.113,6,0.429,6,57.07,311.69,55,0
CUST100072,Male,East,Search,Electronics,60,29931.9,15,1,12,0.256,0,0.174,5,73.63,365.01,52,0
CUST100073,Female,East,Search,Home & Living,40,48495.4,19,0,6,0.431,1,0.06,2,58.6,28.22,74,0
CUST100074,Female,West,Referral,Fashion,60,53852.41,12,0,9,0.336,2,0.11,3,74.11,281.11,109,0
CUST100075,Male,East,Organic,Sports,18,165350.3,23,0,5,0.333,2,0.122,6,99.22,600.62,24,1
CUST100076,Male,West,Referral,Electronics,51,34477.5,25,0,4,0.458,3,0.169,6,73.88,439.27,17,1
CUST100077,Female,West,Organic,Beauty,41,101726.48,26,0,11,0.16,1,0.61,2,118.11,195.63,148,0
CUST100078,Male,North,Organic,Home & Living,36,83597.52,72,0,6,0.711,1,0.42,6,77.93,511.96,119,1
CUST100079,Male,North,Referral,Groceries,41,61880.21,45,0,9,0.379,2,0.325,9,66.52,622.93,42,1
CUST100080,Male,South,Referral,Sports,18,115117.55,28,0,8,0.619,1,0.203,8,88.91,713.32,123,1
CUST100081,Male,East,Other,Sports,37,64303.72,38,1,11,0.515,5,0.301,6,89.32,555.28,35,1
CUST100082,Female,West,Referral,Sports,45,64765.95,20,1,4,0.23,1,0.463,4,82.91,418.56,46,0
CUST100083,Female,South,Social Media,Home & Living,59,53786.5,72,0,5,0.485,2,0.504,5,65.27,285.41,56,0
CUST100084,Female,East,Search,Groceries,33,91948.82,46,0,6,0.409,1,0.276,6,108.98,597.27,28,1
CUST100085,Other,East,Social Media,Electronics,29,87169.13,42,1,6,0.382,1,0.204,5,111.14,520.56,102,0
CUST100086,Male,North,Organic,Electronics,33,42289.92,58,0,8,0.419,4,0.318,9,76.27,740.52,51,1
CUST100087,Male,East,Other,Fashion,52,31602.92,69,1,13,0.226,0,0.322,7,114.22,812.14,18,1
CUST100088,Male,West,Search,Electronics,44,50505.45,15,0,11,0.369,2,0.157,4,128.2,478.12,106,0
CUST100089,Male,North,Social Media,Groceries,33,39303.63,54,0,6,0.364,4,0.271,6,100.9,629.11,111,0
CUST100090,Male,East,Referral,Fashion,47,53551.98,37,1,10,0.217,1,0.316,6,55.63,311.43,109,0
CUST100091,Female,East,Organic,Electronics,41,92485.99,34,1,10,0.509,2,0.419,6,111.23,675.23,155,0
CUST100092,Female,North,Search,Electronics,53,45388.85,65,0,9,0.199,0,0.596,4,70.03,301.46,87,0
CUST100093,Male,North,Organic,Sports,31,54019.62,16,0,4,0.114,7,0.52,2,75.21,123.04,30,0
CUST100094,Female,West,Referral,Beauty,36,56356.79,28,0,13,0.331,1,0.457,7,54.89,302.51,111,0
CUST100095,Female,South,Organic,Fashion,35,78545.19,26,1,12,0.088,2,0.123,6,103.97,634.69,55,0
CUST100096,Female,North,Search,Home & Living,21,21405.32,36,1,12,0.688,1,0.381,3,106.91,312.01,1,1
CUST100097,Female,North,Other,Electronics,44,42628.33,37,0,11,0.245,1,0.687,1,79.75,51.86,365,0
CUST100098,Female,East,Referral,Home & Living,43,60103.76,53,0,9,0.281,0,0.171,5,105.07,536.46,71,1
CUST100099,Female,East,Social Media,Beauty,40,91046.13,30,0,4,0.3,2,0.292,5,103.06,543.32,26,0
CUST100100,Female,East,Search,Fashion,37,44734.01,67,0,7,0.269,1,0.486,6,93.64,463.76,121,0
CUST100101,Female,North,Search,Beauty,22,25007.63,39,0,2,0.255,1,0.168,1,28.4,33.22,52,1
CUST100102,Male,West,Other,Sports,35,71351.05,15,1,10,0.422,0,0.508,5,104.49,517.16,54,0
CUST100103,Male,South,Social Media,Groceries,36,42118.24,20,0,6,0.108,1,0.26,6,94.01,547.22,103,0
CUST100104,Female,South,Social Media,Home & Living,30,33370.53,42,0,7,0.466,0,0.352,0,104.84,29.33,71,0
CUST100105,Male,South,Referral,Electronics,38,42313.58,37,1,13,0.202,1,0.316,6,61.4,284.33,1,1
CUST100106,Male,South,Search,Fashion,45,50898.45,36,0,6,0.4,1,0.397,2,113.6,94.84,91,0
CUST100107,Female,West,Organic,Electronics,65,42663.36,72,0,6,0.639,0,0.183,9,80.24,649.55,126,1
CUST100108,Male,West,Referral,Fashion,42,21780.07,50,0,7,0.535,1,0.153,3,76.52,261.48,20,0
CUST100109,Female,South,Search,Fashion,43,80166.12,23,0,1,0.179,0,0.341,2,110.8,200.05,76,0
CUST100110,Female,West,Social Media,Home & Living,39,93951.69,27,1,8,0.111,1,0.269,9,122.28,1089.45,95,0
CUST100111,Female,West,Social Media,Electronics,18,72310.72,22,1,1,0.339,1,0.282,3,61.8,262.09,176,1
CUST100112,Male,West,Referral,Groceries,40,34107.09,17,0,5,0.138,1,0.202,3,79.03,256.59,93,0
CUST100113,Male,South,Organic,Groceries,41,50537.05,72,0,10,0.387,3,0.378,1,63.87,109.72,90,1
CUST100114,Female,East,Social Media,Home & Living,72,54849.56,37,0,8,0.141,3,0.055,4,93.17,369.66,76,0
CUST100115,Female,South,Organic,Home & Living,37,70726.96,13,1,7,0.225,7,0.457,3,86.06,161.17,52,0
CUST100116,Other,West,Search,Sports,44,72823.32,64,0,7,0.137,6,0.461,3,61.6,174.68,41,1
CUST100117,Male,North,Organic,Home & Living,40,40406.08,19,0,4,0.193,3,0.318,5,60.91,267.19,27,0
CUST100118,Male,East,Referral,Sports,25,56927.09,33,0,7,0.085,5,0.273,3,91.27,237.54,35,0
CUST100119,Female,South,Other,Home & Living,55,66645.73,31,0,16,0.098,1,0.493,3,98.32,312.57,66,0
CUST100120,Male,South,Organic,Beauty,50,101370.14,11,1,15,0.437,6,0.573,5,91.17,356.23,67,0
CUST100121,Female,East,Referral,Electronics,50,73937.93,7,1,9,0.298,0,0.482,4,91.04,332.77,137,1
CUST100122,Male,West,Referral,Groceries,28,76610.72,45,1,9,0.343,3,0.312,6,101.27,587.78,169,1
CUST100123,Male,East,Other,Beauty,58,56970.89,56,0,4,0.352,1,0.281,5,94.68,502.43,51,0
CUST100124,Male,West,Social Media,Fashion,22,99457.06,35,1,6,0.203,1,0.598,2,115.48,324.59,59,0
CUST100125,Male,South,Organic,Fashion,48,65328.84,72,1,10,0.652,6,0.097,7,102.03,619.51,73,1
CUST100126,Female,East,Organic,Beauty,68,38308.67,20,1,7,0.32,0,0.244,8,104.05,836.83,19,1
CUST100127,Female,South,Search,Home & Living,27,99161.37,9,0,10,0.223,1,0.238,4,95.28,365.64,147,0
CUST100128,Male,North,Referral,Electronics,33,73733.15,38,1,14,0.201,0,0.279,8,106.05,859.55,58,1
CUST100129,Female,East,Search,Sports,41,45661.46,16,0,8,0.573,3,0.168,7,110.12,888.43,70,1
CUST100130,Male,East,Organic,Sports,33,44967.78,28,1,9,0.427,0,0.641,5,115.28,513.18,74,0
CUST100131,Female,East,Organic,Home & Living,20,62295.86,50,0,2,0.083,0,0.447,5,82.46,385.24,101,0
CUST100132,Male,East,Search,Home & Living,41,66811.2,21,1,11,0.361,0,0.599,6,75.57,510.8,3,0
CUST100133,Female,East,Organic,Sports,26,59751.6,28,1,5,0.278,7,0.183,6,114.61,707.61,21,1
CUST100134,Female,North,Social Media,Groceries,46,62682.53,55,0,6,0.418,2,0.28,6,46.14,312.66,29,1
CUST100135,Female,North,Organic,Fashion,28,112315.88,26,0,10,0.02,2,0.113,3,110.67,312.61,49,0
CUST100136,Female,East,Organic,Groceries,60,86261.32,38,0,10,0.256,0,0.167,5,108.92,588.25,104,0
CUST100137,Female,South,Other,Sports,30,59584.78,40,0,6,0.207,0,0.464,4,84.22,377.21,106,0
CUST100138,Female,North,Referral,Home & Living,36,81669.75,26,0,6,0.359,1,0.175,6,99.72,614.27,66,1
CUST100139,Female,South,Social Media,Sports,51,35647.29,27,0,5,0.406,1,0.045,2,56.46,201.94,85,1
CUST100140,Female,East,Organic,Fashion,24,65004.89,29,1,5,0.2,2,0.143,8,72.84,594.95,73,1
CUST100141,Female,South,Search,Beauty,43,117594.45,20,0,5,0.211,3,0.347,2,83.87,186.87,52,1
CUST100142,Male,East,Social Media,Fashion,57,50186.89,37,1,4,0.411,0,0.346,5,73.98,350.05,66,1
CUST100143,Female,East,Referral,Electronics,19,38525.75,20,1,11,0.815,0,0.367,8,68.58,568.43,1,0
CUST100144,Male,South,Social Media,Fashion,42,41823.39,22,1,10,0.204,0,0.313,7,84.95,607.75,1,1
CUST100145,Female,West,Search,Electronics,43,34802.43,16,1,11,0.552,0,0.143,7,103.89,757.4,204,1
CUST100146,Male,East,Referral,Sports,50,39556.62,57,0,4,0.481,3,0.066,6,116.56,716.18,158,0
CUST100147,Female,East,Search,Fashion,24,47073.95,12,1,5,0.689,4,0.529,5,70.57,370.31,196,1
CUST100148,Male,East,Search,Fashion,23,30477.69,72,0,7,0.525,4,0.439,4,70.06,261.43,110,0
CUST100149,Male,North,Organic,Home & Living,47,55361.97,27,1,9,0.722,2,0.215,7,95.9,701.87,72,1
CUST100150,Female,East,Referral,Fashion,44,80341.77,23,1,8,0.397,0,0.739,6,86.11,524.92,100,1
CUST100151,Female,South,Referral,Electronics,43,37565.11,16,1,8,0.445,3,0.548,7,78.57,535.37,49,0
CUST100152,Male,West,Referral,Fashion,45,104108.38,17,0,12,0.737,1,0.047,5,133.15,630.49,1,1
CUST100153,Male,West,Social Media,Electronics,31,68160.54,20,1,10,0.394,2,0.23,7,116.15,850.72,27,1
CUST100154,Female,East,Search,Electronics,43,84789.95,72,1,15,0.613,0,0.584,7,127.19,927.76,229,1
CUST100155,Female,South,Other,Electronics,44,41722.59,20,1,13,0.183,0,0.15,4,98.56,389.04,27,0
CUST100156,Male,North,Referral,Beauty,31,78746.5,38,0,12,0.071,0,0.206,4,105.58,364.83,89,1
CUST100157,Male,South,Referral,Fashion,64,34768.82,25,1,5,0.338,2,0.069,5,97.71,555.74,20,1
CUST100158,Male,South,Social Media,Fashion,46,79936.86,72,0,9,0.552,2,0.294,2,123.25,306.11,39,1
CUST100159,Female,South,Search,Home & Living,25,59116.24,33,1,7,0.225,0,0.075,7,37.42,369.54,45,1
CUST100160,Male,East,Search,Groceries,49,69386.94,14,1,3,0.279,3,0.041,4,79.83,234.88,58,1
CUST100161,Male,North,Organic,Home & Living,27,33568.34,22,0,12,0.329,3,0.05,5,46.89,222.02,65,0
CUST100162,Male,West,Referral,Groceries,50,37765.8,72,0,6,0.457,3,0.142,8,68.44,514.38,80,0
CUST100163,Male,North,Organic,Groceries,55,70680.45,46,1,5,0.314,0,0.236,4,102.44,329.41,44,0
CUST100164,Female,West,Other,Sports,29,36930.1,28,0,6,0.601,5,0.291,4,72.58,292.92,44,0
CUST100165,Male,West,Referral,Electronics,53,66811.81,16,0,4,0.56,0,0.111,2,76.27,163.77,89,0
CUST100166,Male,East,Social Media,Electronics,45,30973.6,18,1,7,0.363,2,0.476,6,88.14,525.5,88,1
CUST100167,Male,East,Search,Beauty,51,78536.73,15,1,8,0.436,1,0.365,5,109.46,474.49,191,0
CUST100168,Male,South,Referral,Groceries,65,32775.24,10,1,14,0.268,5,0.086,3,100.24,328.38,1,0
CUST100169,Male,East,Search,Sports,37,69359.23,44,0,5,0.125,2,0.435,8,102.24,764.42,22,0
CUST100170,Female,South,Social Media,Home & Living,30,71528.66,40,0,12,0.684,1,0.351,7,76.3,581.13,186,1
CUST100171,Female,South,Social Media,Groceries,28,41045.82,32,1,12,0.43,0,0.152,5,102.39,556.6,34,1
CUST100172,Female,East,Organic,Beauty,29,70230.62,61,1,10,0.832,0,0.276,14,93.53,1327.06,45,1
CUST100173,Female,South,Referral,Groceries,39,61357.59,43,1,11,0.336,0,0.26,4,107.78,412.8,15,1
CUST100174,Female,East,Referral,Home & Living,44,43860.74,12,1,9,0.408,8,0.502,8,77.98,630.3,14,1
CUST100175,Male,South,Organic,Sports,44,36007.97,29,0,11,0.449,2,0.243,6,109.5,629.36,3,1
CUST100176,Female,South,Search,Home & Living,51,24119.74,47,0,9,0.74,3,0.437,3,85.27,284.22,80,1
CUST100177,Female,North,Social Media,Fashion,40,63700.1,29,1,3,0.574,4,0.319,5,97.32,550.18,111,0
CUST100178,Female,North,Referral,Sports,59,28506.04,31,0,8,0.279,2,0.318,4,57.9,290.0,116,0
CUST100179,Female,South,Social Media,Fashion,37,57247.14,10,1,11,0.263,5,0.656,5,111.85,560.47,36,1
CUST100180,Male,North,Search,Fashion,75,49238.95,20,1,8,0.39,3,0.109,5,79.46,460.82,56,0
CUST100181,Female,North,Referral,Home & Living,48,73154.46,38,1,9,0.249,2,0.12,7,140.51,998.8,103,0
CUST100182,Female,West,Organic,Electronics,29,48447.18,27,1,7,0.517,0,0.275,6,100.4,497.64,118,0
CUST100183,Other,North,Social Media,Home & Living,26,47892.8,11,0,3,0.647,6,0.076,3,54.78,222.87,106,1
CUST100184,Male,East,Social Media,Electronics,46,74792.59,47,1,4,0.806,2,0.204,5,104.51,530.88,99,1
CUST100185,Male,South,Search,Sports,37,63310.9,26,1,4,0.419,1,0.587,6,129.82,799.91,224,0
CUST100186,Male,West,Organic,Fashion,49,62810.28,31,0,9,0.227,1,0.443,4,88.99,338.11,37,0
CUST100187,Female,South,Organic,Fashion,46,66982.11,12,1,1,0.429,1,0.517,2,91.5,243.33,17,0
CUST100188,Male,South,Organic,Fashion,39,28858.16,9,0,5,0.299,1,0.206,4,80.45,288.58,120,0
CUST100189,Male,East,Search,Beauty,29,75579.45,32,1,6,0.18,0,0.162,6,83.12,554.96,79,1
CUST100190,Other,South,Social Media,Fashion,20,71134.33,57,0,6,0.354,0,0.348,4,108.91,391.41,75,0
CUST100191,Male,East,Organic,Beauty,34,35885.25,46,1,3,0.26,0,0.365,5,68.65,355.32,122,1
CUST100192,Female,North,Social Media,Electronics,51,49641.11,42,1,10,0.372,2,0.353,10,100.9,1071.17,126,1
CUST100193,Male,West,Search,Electronics,43,54099.46,33,1,5,0.41,2,0.218,4,115.2,527.69,125,0
CUST100194,Female,South,Search,Electronics,24,51979.25,13,1,12,0.67,2,0.113,9,88.2,832.29,7,1
CUST100195,Female,South,Other,Groceries,42,63279.05,6,1,7,0.617,1,0.337,2,118.89,288.07,72,1
CUST100196,Female,East,Organic,Sports,45,100334.26,72,0,7,0.222,5,0.344,4,97.97,433.54,103,1
CUST100197,Female,South,Other,Home & Living,29,86632.52,26,0,7,0.418,2,0.474,5,72.3,342.81,64,1
CUST100198,Male,West,Organic,Fashion,42,31696.34,21,1,10,0.598,2,0.406,9,97.95,904.93,181,1
CUST100199,Male,South,Referral,Beauty,41,71421.76,30,0,7,0.203,3,0.106,3,96.31,301.79,38,0
CUST100200,Male,East,Social Media,Sports,25,96109.21,16,0,6,0.381,1,0.212,6,77.64,515.1,158,0
CUST100201,Female,North,Other,Fashion,45,64702.04,22,0,8,0.214,1,0.271,5,87.34,488.99,98,0
CUST100202,Female,West,Search,Groceries,47,86968.41,72,0,8,0.339,1,0.443,5,79.64,400.76,55,1
CUST100203,Male,East,Search,Groceries,54,128058.45,36,1,6,0.47,1,0.275,1,121.21,117.0,31,0
CUST100204,Female,North,Social Media,Electronics,54,84545.61,40,1,10,0.589,6,0.129,1,147.17,194.47,177,0
CUST100205,Male,North,Social Media,Electronics,22,61071.35,27,0,11,0.637,4,0.424,9,99.14,884.09,1,1
CUST100206,Female,South,Organic,Electronics,28,85308.18,53,1,11,0.616,1,0.213,8,111.14,940.55,50,1
CUST100207,Female,West,Social Media,Beauty,47,58450.84,52,0,10,0.537,0,0.441,6,90.25,547.96,37,1
CUST100208,Male,South,Search,Electronics,47,55554.94,25,1,9,0.394,0,0.425,8,113.08,880.11,41,1
CUST100209,Female,South,Referral,Fashion,47,47452.97,29,0,4,0.172,0,0.32,4,84.75,321.87,67,1
CUST100210,Male,North,Referral,Fashion,75,106055.95,58,1,6,0.15,2,0.196,8,86.6,565.34,6,1
CUST100211,Female,South,Search,Electronics,47,39001.23,30,0,8,0.534,2,0.404,4,56.3,222.45,30,0
CUST100212,Female,East,Other,Fashion,55,104682.05,24,0,10,0.527,0,0.132,7,95.51,697.34,83,1
CUST100213,Male,West,Search,Home & Living,52,67848.42,25,1,18,0.451,3,0.536,8,92.17,852.22,37,0
CUST100214,Male,East,Other,Electronics,48,30557.94,22,0,10,0.02,1,0.397,2,78.16,128.55,46,0
CUST100215,Male,West,Organic,Beauty,36,64183.48,30,1,5,0.327,1,0.628,6,115.83,679.61,25,0
CUST100216,Female,East,Social Media,Groceries,50,22767.23,22,1,6,0.239,1,0.264,1,90.48,60.43,29,0
CUST100217,Female,North,Social Media,Beauty,30,71524.97,30,0,14,0.38,2,0.257,5,90.74,419.18,16,1
CUST100218,Male,South,Search,Beauty,37,79768.64,19,1,8,0.117,1,0.339,2,80.32,186.8,111,0
CUST100219,Female,East,Search,Fashion,34,42885.93,36,0,7,0.338,0,0.556,3,75.74,209.64,45,0
CUST100220,Female,West,Search,Sports,41,57929.3,39,0,4,0.495,3,0.341,2,74.36,116.18,15,0
CUST100221,Male,West,Social Media,Groceries,70,124970.7,43,1,14,0.235,1,0.343,2,105.83,229.82,106,1
CUST100222,Male,North,Social Media,Sports,18,44474.66,39,0,9,0.44,2,0.183,4,19.84,104.15,64,0
CUST100223,Female,North,Organic,Groceries,49,35254.46,51,1,6,0.271,1,0.334,3,66.29,167.42,39,0
CUST100224,Female,North,Social Media,Home & Living,19,102476.33,31,0,4,0.425,2,0.372,6,127.03,811.22,56,0
CUST100225,Male,West,Referral,Sports,34,125413.94,30,1,10,0.397,3,0.448,11,136.37,1575.11,230,0
CUST100226,Male,West,Organic,Home & Living,54,55085.44,20,0,7,0.548,1,0.363,6,72.42,466.5,106,0
CUST100227,Male,West,Social Media,Groceries,41,84111.87,45,0,10,0.179,2,0.413,1,85.99,110.33,172,0
CUST100228,Female,South,Referral,Groceries,26,96616.84,21,1,11,0.285,1,0.462,9,148.57,1234.15,7,1
CUST100229,Male,East,Social Media,Sports,31,40265.29,9,0,6,0.49,0,0.078,8,119.68,919.28,72,1
CUST100230,Male,South,Organic,Home & Living,49,44858.13,20,1,7,0.243,2,0.403,14,94.83,1265.48,57,1
CUST100231,Female,South,Organic,Home & Living,31,92231.39,47,1,8,0.396,0,0.282,5,116.5,624.35,1,1
CUST100232,Female,East,Search,Fashion,43,111613.18,42,1,7,0.497,0,0.237,7,118.19,871.4,35,0
CUST100233,Male,North,Organic,Sports,41,69668.14,34,1,8,0.395,1,0.475,6,91.98,571.86,1,0
CUST100234,Male,North,Social Media,Fashion,32,38008.55,72,0,7,0.476,4,0.507,4,81.28,313.8,48,1
CUST100235,Female,West,Organic,Groceries,68,126709.73,36,0,4,0.066,0,0.305,7,127.69,881.9,114,1
CUST100236,Male,West,Referral,Electronics,48,44005.97,18,1,11,0.142,3,0.324,5,109.35,720.3,178,1
CUST100237,Male,South,Organic,Fashion,18,47778.48,17,1,8,0.481,0,0.118,5,90.13,486.61,18,1
CUST100238,Female,East,Referral,Home & Living,42,63504.77,39,0,4,0.547,3,0.225,2,93.37,182.54,204,0
CUST100239,Male,South,Social Media,Electronics,31,105644.59,63,0,6,0.396,2,0.384,5,76.96,406.84,97,0
CUST100240,Female,East,Organic,Beauty,51,78728.33,30,1,10,0.34,1,0.13,5,88.45,384.62,122,0
CUST100241,Female,West,Search,Beauty,30,65469.0,37,1,9,0.345,2,0.316,3,60.81,208.19,40,1
CUST100242,Male,West,Other,Electronics,39,66814.12,38,1,10,0.723,0,0.408,7,104.66,721.32,1,1
CUST100243,Male,East,Search,Fashion,47,56014.43,72,1,12,0.389,1,0.406,6,84.08,527.21,25,1
CUST100244,Female,North,Social Media,Beauty,51,69529.55,49,0,11,0.339,2,0.193,8,88.5,665.33,80,1
CUST100245,Female,South,Organic,Fashion,24,19009.1,56,1,10,0.301,0,0.554,6,77.2,545.22,207,0
CUST100246,Female,South,Organic,Sports,36,48557.96,17,1,5,0.186,5,0.276,6,94.42,526.72,178,0
CUST100247,Female,South,Social Media,Home & Living,34,60866.83,21,0,6,0.27,2,0.076,4,50.53,186.72,254,0
CUST100248,Male,West,Social Media,Fashion,32,33916.69,20,0,4,0.378,2,0.263,3,81.82,195.89,207,0
CUST100249,Female,South,Search,Fashion,63,64688.86,26,0,12,0.413,1,0.53,4,86.29,312.48,77,1
CUST100250,Male,North,Search,Groceries,45,50473.84,31,1,15,0.074,1,0.253,8,107.77,855.94,60,1
CUST100251,Male,South,Referral,Sports,24,114965.6,35,0,9,0.243,1,0.136,3,95.48,288.67,34,0
CUST100252,Male,West,Organic,Fashion,52,106484.72,28,0,10,0.218,0,0.357,4,94.27,366.22,27,1
CUST100253,Male,North,Social Media,Electronics,68,45227.03,20,0,8,0.508,0,0.168,6,108.35,672.99,161,0
CUST100254,Female,East,Search,Groceries,53,51623.72,15,0,8,0.34,1,0.505,5,68.95,450.65,221,0
CUST100255,Male,South,Referral,Home & Living,20,53318.07,37,0,2,0.215,1,0.592,5,69.42,338.34,34,1
CUST100256,Male,North,Social Media,Groceries,34,45496.54,43,1,9,0.506,1,0.567,7,70.76,472.78,5,1
CUST100257,Male,South,Referral,Groceries,56,59694.73,26,0,4,0.358,1,0.022,1,81.47,143.45,76,0
CUST100258,Female,East,Referral,Home & Living,31,39999.01,10,1,10,0.128,1,0.018,6,115.03,647.54,1,0
CUST100259,Female,East,Social Media,Beauty,46,34208.52,49,1,9,0.184,1,0.445,6,64.67,462.26,73,1
CUST100260,Male,West,Social Media,Sports,50,71441.0,26,1,15,0.519,2,0.378,4,95.93,301.16,31,1
CUST100261,Male,South,Search,Beauty,28,71645.88,12,1,12,0.198,0,0.571,7,109.25,809.81,106,0
CUST100262,Male,North,Organic,Home & Living,39,39233.09,29,0,8,0.702,0,0.032,4,74.46,255.23,123,0
CUST100263,Female,West,Organic,Beauty,18,80108.54,51,0,6,0.265,1,0.132,7,94.59,618.1,37,0
CUST100264,Female,South,Search,Home & Living,27,42185.25,23,0,12,0.763,3,0.298,6,66.91,419.2,109,1
CUST100265,Female,East,Referral,Beauty,37,61170.35,5,1,9,0.308,3,0.167,7,91.74,683.31,86,0
CUST100266,Female,West,Social Media,Sports,24,77624.08,25,0,8,0.509,1,0.386,2,83.55,198.32,54,0
CUST100267,Male,South,Other,Fashion,61,54229.0,19,1,9,0.309,1,0.072,7,93.88,626.25,29,1
CUST100268,Female,East,Social Media,Fashion,21,66574.68,33,1,8,0.439,1,0.249,5,112.68,602.31,143,1
CUST100269,Female,North,Referral,Sports,34,44275.56,30,1,9,0.428,4,0.522,5,76.08,342.9,37,1
CUST100270,Male,South,Social Media,Fashion,42,50643.82,22,1,3,0.482,3,0.156,6,96.81,569.47,23,1
CUST100271,Male,North,Referral,Beauty,59,50444.42,21,1,4,0.494,4,0.252,7,112.68,762.8,61,0
CUST100272,Female,West,Organic,Fashion,21,40196.11,59,0,8,0.214,1,0.364,8,84.25,667.25,147,1
CUST100273,Female,North,Organic,Sports,55,51064.42,39,1,14,0.413,1,0.352,7,89.76,603.95,298,0
CUST100274,Male,East,Referral,Electronics,40,28700.47,39,0,8,0.378,0,0.29,8,99.34,802.79,8,0
CUST100275,Female,West,Other,Sports,27,44748.08,47,1,6,0.393,2,0.179,11,88.32,910.63,199,0
CUST100276,Female,East,Organic,Beauty,46,48797.81,26,0,2,0.21,3,0.171,11,99.25,1118.28,104,0
CUST100277,Male,East,Organic,Fashion,43,49389.49,67,0,10,0.615,1,0.047,7,73.53,492.08,16,1
CUST100278,Male,South,Other,Groceries,32,49695.0,35,1,7,0.469,1,0.058,9,98.94,843.01,49,0
CUST100279,Male,South,Organic,Fashion,41,53591.59,32,0,9,0.253,1,0.162,5,96.11,527.0,53,0
CUST100280,Female,South,Social Media,Fashion,35,67268.94,35,1,10,0.195,1,0.566,8,81.5,735.73,19,0
CUST100281,Male,East,Referral,Fashion,41,79410.48,25,1,10,0.192,2,0.435,2,125.48,275.99,257,0
CUST100282,Male,West,Organic,Electronics,49,41864.23,20,1,9,0.503,0,0.053,4,110.23,451.7,43,1
CUST100283,Female,West,Other,Home & Living,61,33181.38,53,0,8,0.648,0,0.037,8,72.16,559.78,15,1
CUST100284,Female,West,Organic,Electronics,24,35505.04,14,0,7,0.119,2,0.133,7,47.96,275.81,143,1
CUST100285,Male,West,Search,Beauty,68,44822.4,15,1,7,0.354,1,0.206,2,92.5,210.95,46,1
CUST100286,Male,South,Organic,Fashion,18,47442.87,28,1,6,0.39,3,0.227,4,82.32,258.89,35,1
CUST100287,Male,East,Organic,Beauty,38,39802.7,17,0,0,0.247,0,0.393,3,67.6,223.65,75,0
CUST100288,Female,West,Organic,Fashion,48,31911.43,10,0,6,0.388,2,0.285,3,69.71,131.28,106,1
CUST100289,Female,South,Organic,Beauty,44,45411.37,15,0,12,0.246,2,0.258,4,96.84,396.49,66,1
CUST100290,Male,West,Organic,Sports,32,59354.76,18,1,11,0.239,5,0.341,5,120.58,660.8,57,0
CUST100291,Female,South,Social Media,Beauty,37,70615.21,36,0,8,0.187,0,0.305,5,103.04,531.61,169,0
CUST100292,Female,East,Search,Electronics,34,43519.78,27,0,5,0.363,1,0.354,3,101.26,353.6,150,0
CUST100293,Female,East,Referral,Beauty,32,46241.34,49,1,12,0.405,6,0.07,8,87.27,764.4,1,1
CUST100294,Female,West,Referral,Fashion,51,37267.44,14,0,7,0.134,1,0.271,5,53.13,267.43,129,0
CUST100295,Male,South,Other,Electronics,45,54278.53,16,1,14,0.132,4,0.093,3,83.32,333.39,68,1
CUST100296,Male,East,Other,Groceries,31,38512.9,33,0,4,0.25,0,0.521,3,63.21,176.95,11,0
CUST100297,Female,East,Social Media,Groceries,52,69968.62,19,0,5,0.436,1,0.142,3,110.21,286.53,9,0
CUST100298,Female,South,Social Media,Groceries,44,25978.5,24,0,4,0.26,1,0.239,4,37.28,104.63,15,0
CUST100299,Female,West,Referral,Beauty,51,47289.52,15,0,2,0.349,3,0.453,4,87.05,391.1,140,0
CUST100300,Male,East,Referral,Fashion,48,62414.54,14,0,4,0.228,1,0.217,5,86.08,419.41,39,1
CUST100301,Female,East,Search,Fashion,29,59414.82,19,0,7,0.22,2,0.082,7,89.55,607.29,2,1
CUST100302,Female,South,Search,Electronics,33,170444.09,50,0,5,0.293,1,0.079,5,105.73,561.96,26,1
CUST100303,Male,South,Search,Beauty,50,63704.12,12,1,0,0.201,0,0.152,4,118.77,404.87,156,0
CUST100304,Male,East,Referral,Beauty,48,36076.09,53,0,10,0.424,0,0.426,6,82.82,615.04,97,1
CUST100305,Female,South,Other,Fashion,40,52838.4,48,1,3,0.351,1,0.594,8,71.24,517.35,1,1
CUST100306,Female,North,Social Media,Beauty,42,26083.68,22,1,11,0.73,3,0.157,11,64.97,742.36,82,1
CUST100307,Female,West,Referral,Groceries,57,53169.31,30,0,7,0.205,2,0.261,2,80.12,184.67,32,1
CUST100308,Female,East,Social Media,Groceries,32,38762.36,35,0,14,0.572,3,0.498,4,86.19,338.27,7,1
CUST100309,Male,East,Organic,Groceries,47,80785.47,42,0,10,0.774,1,0.212,3,81.34,293.96,38,1
CUST100310,Male,South,Organic,Beauty,37,43664.1,16,0,5,0.397,3,0.594,7,90.43,670.06,8,1
CUST100311,Female,South,Referral,Beauty,37,52367.78,45,0,5,0.271,0,0.17,0,81.78,0.0,22,1
CUST100312,Female,South,Referral,Fashion,54,42114.79,31,0,12,0.323,1,0.128,3,110.0,358.18,1,0
CUST100313,Female,South,Organic,Electronics,51,114165.68,17,1,4,0.605,1,0.336,3,105.15,216.33,296,0
CUST100314,Female,East,Social Media,Electronics,51,48058.13,31,1,9,0.487,0,0.075,4,91.57,348.19,39,1
CUST100315,Male,East,Referral,Beauty,57,118748.42,16,0,7,0.126,0,0.218,3,126.61,404.7,177,0
CUST100316,Female,South,Search,Home & Living,40,77422.46,29,0,6,0.157,2,0.33,7,76.95,508.91,118,0
CUST100317,Male,North,Organic,Groceries,49,67343.15,23,1,10,0.671,3,0.393,6,82.23,489.67,110,1
CUST100318,Male,South,Organic,Electronics,36,64212.71,32,0,8,0.08,0,0.124,13,65.61,844.58,30,1
CUST100319,Male,North,Social Media,Sports,44,64892.24,33,1,10,0.305,1,0.147,7,107.28,674.06,7,1
CUST100320,Male,North,Search,Sports,38,24476.43,57,1,9,0.65,1,0.33,8,55.05,481.38,27,1
CUST100321,Male,West,Other,Home & Living,41,48920.78,41,1,10,0.447,1,0.172,7,95.53,674.52,14,0
CUST100322,Male,East,Other,Beauty,48,78437.3,37,0,7,0.606,0,0.396,0,81.89,0.0,169,1
CUST100323,Male,East,Referral,Home & Living,29,53881.99,10,1,7,0.472,6,0.132,6,76.64,543.0,85,1
CUST100324,Male,South,Referral,Electronics,67,30482.52,49,1,9,0.321,3,0.467,10,56.4,572.52,1,1
CUST100325,Female,West,Social Media,Electronics,27,53802.68,23,1,7,0.418,4,0.261,10,86.75,878.28,57,1
CUST100326,Male,East,Other,Electronics,24,112511.73,15,0,5,0.146,4,0.469,6,86.93,517.26,64,0
CUST100327,Male,West,Search,Sports,55,92853.94,72,0,6,0.379,0,0.546,10,97.35,1059.27,66,0
CUST100328,Female,South,Social Media,Electronics,50,53586.2,19,1,8,0.448,1,0.533,7,90.57,675.95,225,0
CUST100329,Female,West,Social Media,Groceries,48,82018.26,61,1,9,0.071,4,0.634,4,134.83,507.72,70,0
CUST100330,Female,West,Referral,Groceries,48,47153.12,35,0,10,0.153,0,0.446,3,67.02,107.6,31,0
CUST100331,Male,West,Search,Fashion,40,26888.73,39,0,5,0.078,1,0.145,5,83.48,447.97,92,0
CUST100332,Female,North,Social Media,Home & Living,28,37302.39,29,0,8,0.455,2,0.112,4,68.85,269.7,29,0
CUST100333,Male,South,Search,Electronics,41,106032.59,17,1,9,0.607,2,0.307,6,120.86,709.14,188,0
CUST100334,Male,South,Organic,Fashion,31,49021.36,44,1,7,0.222,1,0.334,8,84.58,669.93,1,1
CUST100335,Male,South,Referral,Sports,53,49655.64,34,0,7,0.025,2,0.389,2,117.61,154.18,71,0
CUST100336,Female,West,Organic,Electronics,38,48492.11,33,0,10,0.421,2,0.388,8,80.4,649.36,47,1
CUST100337,Male,North,Organic,Beauty,29,122372.61,31,0,8,0.339,2,0.302,8,106.9,843.98,65,0
CUST100338,Male,North,Other,Sports,36,108878.86,25,0,8,0.527,1,0.295,6,123.51,720.97,217,0
CUST100339,Male,South,Organic,Home & Living,45,139661.39,44,0,5,0.249,1,0.31,4,108.66,437.63,43,1
CUST100340,Female,North,Organic,Home & Living,33,51446.08,39,0,13,0.34,7,0.24,5,99.83,569.33,38,1
CUST100341,Female,North,Referral,Fashion,29,62270.98,46,0,5,0.167,1,0.379,5,105.53,512.46,20,0
CUST100342,Male,West,Search,Beauty,43,29088.51,26,1,3,0.682,5,0.18,4,73.95,352.13,136,1
CUST100343,Female,East,Search,Electronics,43,102272.99,25,1,12,0.641,4,0.426,5,124.04,627.51,1,1
CUST100344,Female,North,Organic,Fashion,33,33678.71,21,1,8,0.636,1,0.04,6,65.76,454.84,23,1
CUST100345,Female,South,Organic,Electronics,34,60242.55,31,0,6,0.277,3,0.179,7,88.37,615.87,136,1
CUST100346,Male,South,Organic,Fashion,43,34690.51,10,1,7,0.437,2,0.508,5,74.09,331.2,78,1
CUST100347,Female,North,Search,Home & Living,21,42948.82,72,1,15,0.107,3,0.44,10,82.07,916.53,98,0
CUST100348,Male,East,Organic,Fashion,22,38693.94,20,0,8,0.236,1,0.099,3,86.38,304.91,33,1
CUST100349,Female,East,Other,Beauty,31,42607.3,56,0,9,0.163,1,0.31,5,97.93,554.1,81,0
CUST100350,Male,East,Referral,Groceries,37,43855.57,23,1,9,0.46,4,0.396,6,45.59,300.66,5,1
CUST100351,Male,East,Organic,Groceries,44,43687.42,41,1,10,0.51,0,0.409,4,73.59,297.25,38,0
CUST100352,Male,North,Social Media,Home & Living,59,78048.73,71,0,11,0.43,0,0.573,3,121.48,409.03,1,1
CUST100353,Female,West,Referral,Fashion,51,34580.53,39,0,6,0.388,0,0.286,5,79.86,425.77,245,1
CUST100354,Male,West,Search,Beauty,38,60337.91,68,1,4,0.46,1,0.134,6,93.05,534.46,83,0
CUST100355,Female,West,Organic,Groceries,40,91732.44,54,1,12,0.463,1,0.126,4,122.98,513.1,16,1
CUST100356,Male,North,Search,Electronics,27,44335.72,16,1,10,0.441,4,0.09,4,41.16,149.23,72,1
CUST100357,Female,West,Social Media,Groceries,40,40682.88,44,0,7,0.238,1,0.255,4,61.31,187.56,121,0
CUST100358,Female,West,Other,Sports,36,49924.55,36,0,9,0.165,1,0.089,6,99.29,593.02,139,0
CUST100359,Female,West,Organic,Electronics,44,90271.14,19,0,6,0.391,1,0.145,3,67.34,174.86,28,0
CUST100360,Female,North,Referral,Electronics,29,59671.73,52,1,9,0.148,3,0.332,7,91.78,737.07,77,1
CUST100361,Female,East,Referral,Electronics,47,44001.48,14,1,8,0.48,1,0.277,10,53.04,482.96,73,0
CUST100362,Male,West,Other,Sports,60,67394.36,50,1,7,0.59,1,0.098,3,91.88,256.05,199,0
CUST100363,Female,East,Other,Sports,39,34617.89,44,0,11,0.22,1,0.125,9,97.16,848.81,31,1
CUST100364,Male,East,Organic,Beauty,45,73222.6,32,1,4,0.481,1,0.284,2,66.39,168.0,14,1
CUST100365,Female,West,Organic,Groceries,49,65297.14,21,1,16,0.608,2,0.122,2,92.35,196.08,1,1
CUST100366,Female,South,Search,Home & Living,35,48330.06,44,1,12,0.152,3,0.379,4,104.64,504.42,80,1
CUST100367,Male,East,Organic,Sports,43,38672.44,8,1,3,0.279,2,0.499,4,71.75,354.89,49,0
CUST100368,Male,South,Referral,Sports,40,37899.09,18,1,8,0.247,0,0.338,5,92.17,465.6,167,1
CUST100369,Male,West,Organic,Sports,41,68851.81,30,1,8,0.319,0,0.716,5,130.02,601.35,41,1
CUST100370,Female,North,Search,Beauty,30,92158.05,32,0,8,0.425,2,0.347,7,107.84,771.76,126,1
CUST100371,Female,East,Other,Groceries,40,42083.84,19,1,6,0.564,2,0.554,8,91.54,742.85,14,1
CUST100372,Female,East,Other,Home & Living,46,66676.7,19,0,7,0.091,0,0.232,4,118.73,407.77,89,0
CUST100373,Female,West,Referral,Home & Living,59,22891.87,40,1,8,0.351,1,0.601,5,88.4,432.93,190,0
CUST100374,Female,East,Search,Electronics,52,43025.53,16,1,6,0.129,1,0.059,1,88.65,97.65,118,1
CUST100375,Male,West,Social Media,Electronics,68,54287.2,24,0,4,0.674,1,0.143,4,72.01,290.0,32,1
CUST100376,Male,West,Organic,Home & Living,30,37534.71,14,1,12,0.717,1,0.131,7,98.93,648.51,1,1
CUST100377,Female,North,Search,Fashion,51,37114.23,30,1,3,0.332,1,0.204,7,125.51,878.03,80,1
CUST100378,Female,South,Referral,Home & Living,42,41548.68,26,1,10,0.159,0,0.05,7,49.59,341.86,71,1
CUST100379,Female,North,Organic,Groceries,68,62181.29,7,1,11,0.304,4,0.308,6,86.62,541.69,95,1
CUST100380,Male,South,Referral,Electronics,29,50838.55,12,1,8,0.136,3,0.375,2,86.52,132.09,110,0
CUST100381,Male,East,Organic,Electronics,29,21483.3,58,1,9,0.406,6,0.207,7,62.03,486.94,1,1
CUST100382,Male,West,Search,Electronics,32,22570.4,20,0,11,0.323,2,0.122,3,85.27,278.16,1,1
CUST100383,Male,West,Organic,Fashion,18,42625.38,37,0,5,0.464,3,0.211,3,85.55,197.13,90,1
CUST100384,Male,North,Referral,Groceries,33,66657.1,16,0,5,0.236,1,0.571,3,93.85,293.7,69,0
CUST100385,Female,North,Organic,Beauty,30,18000.0,63,1,7,0.248,2,0.28,10,109.86,1100.5,1,1
CUST100386,Male,East,Social Media,Home & Living,42,44587.19,9,0,11,0.204,1,0.838,5,86.93,430.83,30,1
CUST100387,Female,East,Search,Groceries,44,44093.35,55,1,13,0.243,1,0.399,6,79.76,412.44,1,1
CUST100388,Male,South,Search,Groceries,64,98537.29,32,0,3,0.352,2,0.1,6,84.8,494.5,209,0
CUST100389,Female,West,Search,Groceries,52,46787.87,43,1,12,0.48,3,0.049,9,100.97,880.16,53,1
CUST100390,Male,West,Referral,Groceries,33,64598.33,59,0,10,0.411,3,0.545,4,65.66,242.44,179,0
CUST100391,Male,South,Organic,Groceries,28,58361.78,34,1,14,0.591,1,0.081,4,103.78,455.95,1,1
CUST100392,Male,West,Social Media,Electronics,46,22477.06,72,1,10,0.416,3,0.361,10,73.75,707.24,23,0
CUST100393,Female,South,Organic,Electronics,23,75942.78,58,1,9,0.351,4,0.645,5,58.56,391.46,103,0
CUST100394,Female,East,Organic,Electronics,64,60207.67,42,1,12,0.65,1,0.278,6,118.35,821.57,102,1
CUST100395,Male,South,Social Media,Electronics,55,68088.34,53,1,11,0.467,3,0.473,8,110.83,902.83,1,1
CUST100396,Male,North,Organic,Beauty,34,180000.0,30,1,16,0.158,2,0.084,8,148.87,1133.17,100,1
CUST100397,Female,West,Referral,Fashion,18,22919.91,17,1,12,0.126,7,0.282,5,47.56,179.99,96,1
CUST100398,Male,South,Referral,Home & Living,58,113488.98,72,0,7,0.425,0,0.283,7,133.2,953.75,4,1
CUST100399,Male,East,Referral,Home & Living,39,48745.13,31,1,5,0.682,3,0.144,5,123.24,605.79,28,1
CUST100400,Female,South,Social Media,Home & Living,56,62054.39,35,1,7,0.102,2,0.535,5,81.13,372.97,61,1
CUST100401,Female,North,Search,Home & Living,19,53958.65,13,0,2,0.465,2,0.308,4,85.69,343.33,84,0
CUST100402,Male,North,Search,Fashion,32,46023.58,61,1,8,0.571,1,0.116,8,80.07,582.11,69,1
CUST100403,Male,South,Social Media,Groceries,40,43293.54,35,1,12,0.552,4,0.311,10,80.75,914.75,110,0
CUST100404,Female,East,Referral,Electronics,41,63163.52,40,1,9,0.172,0,0.291,8,100.26,827.97,23,0
CUST100405,Male,South,Referral,Sports,34,29082.02,43,1,12,0.394,8,0.221,9,71.09,713.49,69,1
CUST100406,Male,East,Referral,Home & Living,48,75382.6,19,0,8,0.452,1,0.127,4,90.29,404.49,73,1
CUST100407,Female,East,Referral,Home & Living,26,46179.29,60,0,6,0.163,0,0.139,13,113.33,1507.57,1,0
CUST100408,Female,East,Other,Groceries,38,34216.37,37,0,7,0.073,2,0.401,5,53.31,226.53,32,0
CUST100409,Male,South,Social Media,Sports,42,45528.01,8,0,9,0.821,2,0.344,3,87.52,144.12,129,0
CUST100410,Other,West,Organic,Electronics,47,93254.83,53,1,9,0.181,1,0.052,3,148.74,493.12,1,1
CUST100411,Female,South,Organic,Electronics,49,43925.39,28,0,7,0.057,2,0.414,9,83.54,752.71,75,1
CUST100412,Male,South,Organic,Sports,25,63936.07,20,1,6,0.185,3,0.326,2,104.56,308.45,1,1
CUST100413,Other,North,Organic,Groceries,20,40460.72,10,1,7,0.311,0,0.186,4,68.51,254.73,1,1
CUST100414,Male,South,Organic,Home & Living,57,75615.43,24,1,16,0.432,0,0.122,5,87.98,440.94,143,1
CUST100415,Male,North,Search,Electronics,44,73350.29,22,0,11,0.249,0,0.277,6,67.54,390.16,38,1
CUST100416,Female,East,Social Media,Home & Living,30,119551.7,56,0,2,0.077,1,0.503,6,106.0,696.07,56,1
CUST100417,Male,South,Social Media,Groceries,60,51090.39,21,0,0,0.221,3,0.29,3,120.86,253.81,47,0
CUST100418,Male,South,Organic,Sports,42,72832.93,12,0,7,0.378,1,0.35,8,102.46,837.54,2,1
CUST100419,Male,West,Referral,Sports,55,57312.66,40,1,12,0.343,1,0.122,4,99.88,370.17,39,0
CUST100420,Male,South,Search,Home & Living,41,94783.88,58,1,7,0.417,5,0.097,4,98.97,399.27,156,0
CUST100421,Female,South,Social Media,Fashion,67,40667.27,25,0,10,0.322,1,0.429,7,77.12,609.89,28,1
CUST100422,Female,North,Social Media,Home & Living,63,75206.33,72,1,9,0.284,3,0.419,8,90.04,672.11,6,1
CUST100423,Other,West,Other,Electronics,37,50681.47,53,0,6,0.338,6,0.34,8,69.12,503.94,239,0
CUST100424,Male,North,Search,Electronics,53,53537.06,61,1,11,0.312,4,0.162,5,104.12,605.32,1,1
CUST100425,Male,South,Search,Groceries,48,57160.85,40,0,5,0.146,1,0.146,5,130.77,638.04,64,1
CUST100426,Male,East,Organic,Sports,58,61146.59,37,1,8,0.4,0,0.155,9,114.45,1006.15,82,1
CUST100427,Male,East,Search,Groceries,27,52379.59,21,0,9,0.195,3,0.556,6,70.83,401.8,21,0
CUST100428,Male,East,Organic,Sports,49,60190.39,70,0,7,0.229,1,0.448,2,74.53,75.5,45,1
CUST100429,Female,West,Referral,Sports,54,106712.98,64,0,13,0.511,0,0.202,5,90.83,524.32,119,1
CUST100430,Female,North,Search,Fashion,18,83197.9,71,0,9,0.264,4,0.202,4,129.83,584.28,51,1
CUST100431,Other,South,Organic,Home & Living,25,79231.83,30,1,11,0.163,1,0.254,5,113.41,489.18,76,0
CUST100432,Male,South,Organic,Electronics,18,45422.45,25,0,7,0.381,1,0.436,2,82.81,150.26,27,0
CUST100433,Female,North,Organic,Home & Living,36,37858.37,46,1,12,0.397,1,0.282,4,105.88,353.02,90,1
CUST100434,Male,South,Organic,Fashion,49,82151.03,23,1,8,0.734,6,0.387,5,116.71,619.91,40,1
CUST100435,Male,South,Organic,Groceries,60,79461.52,30,1,10,0.393,3,0.239,10,66.73,694.3,110,1
CUST100436,Female,East,Organic,Groceries,41,102090.01,8,1,6,0.403,0,0.512,3,90.31,226.19,145,0
CUST100437,Female,East,Organic,Electronics,61,42677.05,35,0,10,0.269,5,0.355,1,106.01,86.12,51,0
CUST100438,Male,South,Organic,Fashion,22,49945.02,42,1,10,0.184,1,0.365,2,125.14,311.22,39,1
CUST100439,Male,East,Other,Fashion,18,27625.79,61,1,15,0.608,1,0.535,3,101.3,297.65,119,1
CUST100440,Male,South,Referral,Fashion,39,46641.72,47,1,16,0.318,0,0.294,8,88.33,678.68,82,1
CUST100441,Female,South,Organic,Fashion,45,83587.4,51,1,11,0.497,3,0.111,8,112.94,947.18,78,1
CUST100442,Male,East,Search,Groceries,40,45213.93,72,1,9,0.441,4,0.469,7,71.82,506.31,1,1
CUST100443,Other,North,Social Media,Sports,18,71976.14,19,0,4,0.525,0,0.453,3,92.59,335.71,27,0
CUST100444,Male,North,Search,Beauty,39,50770.83,17,1,12,0.471,3,0.376,7,95.27,710.05,1,0
CUST100445,Male,South,Referral,Home & Living,23,63019.05,34,1,9,0.628,3,0.292,6,91.02,575.51,88,1
CUST100446,Male,West,Search,Beauty,49,33964.06,15,0,9,0.363,0,0.228,6,91.4,508.73,3,0
CUST100447,Female,East,Social Media,Beauty,45,57003.98,37,1,14,0.409,1,0.317,9,97.21,934.93,1,1
CUST100448,Male,North,Social Media,Beauty,28,18000.0,16,0,4,0.158,1,0.322,3,17.25,52.09,120,0
CUST100449,Female,West,Search,Groceries,33,50847.8,18,0,4,0.174,0,0.488,6,70.25,425.04,129,0
CUST100450,Female,East,Social Media,Beauty,26,27730.54,10,1,8,0.349,2,0.466,5,67.09,267.86,17,1
CUST100451,Female,East,Social Media,Electronics,39,91272.62,35,1,11,0.243,3,0.183,6,102.05,581.81,166,1
CUST100452,Female,West,Search,Home & Living,52,76236.8,13,1,11,0.556,1,0.229,4,108.33,391.95,1,1
CUST100453,Female,South,Referral,Sports,27,66909.1,41,1,6,0.234,2,0.266,4,100.81,426.26,1,0
CUST100454,Female,North,Search,Fashion,47,104183.71,44,0,9,0.644,0,0.326,6,99.43,637.31,111,1
CUST100455,Female,East,Social Media,Sports,33,36921.29,20,1,5,0.26,0,0.35,10,82.12,808.92,22,1
CUST100456,Male,East,Organic,Electronics,30,114574.55,48,0,4,0.251,1,0.111,5,60.27,307.85,22,1
CUST100457,Male,East,Other,Fashion,39,81357.55,45,0,7,0.082,4,0.487,2,112.44,221.89,47,1
CUST100458,Male,East,Organic,Electronics,27,49798.26,54,0,5,0.396,1,0.394,6,82.33,573.47,176,1
CUST100459,Male,West,Referral,Sports,33,88614.34,19,1,12,0.255,0,0.542,4,99.21,292.26,24,1
CUST100460,Male,West,Social Media,Sports,24,34559.76,18,0,8,0.321,1,0.277,8,67.71,492.78,21,1
CUST100461,Female,West,Organic,Sports,66,38901.67,43,1,14,0.152,0,0.351,1,66.41,53.29,56,1
CUST100462,Male,West,Referral,Electronics,40,42594.52,34,1,8,0.292,5,0.073,7,123.44,878.39,56,0
CUST100463,Male,West,Organic,Groceries,31,44042.83,36,0,7,0.279,4,0.387,4,66.51,243.73,135,0
CUST100464,Female,North,Referral,Beauty,43,35289.27,63,1,13,0.373,1,0.343,7,57.49,329.06,244,0
CUST100465,Male,South,Organic,Electronics,39,91930.06,12,0,7,0.115,1,0.513,6,93.73,592.17,160,0
CUST100466,Male,South,Referral,Beauty,37,49334.04,50,0,12,0.281,0,0.206,6,82.13,568.91,117,1
CUST100467,Male,West,Referral,Electronics,48,63776.53,45,1,11,0.403,1,0.712,8,117.6,870.25,45,0
CUST100468,Male,East,Other,Fashion,50,43284.11,42,0,0,0.185,1,0.462,1,80.05,97.83,59,0
CUST100469,Male,East,Other,Groceries,33,25602.24,52,1,13,0.437,0,0.331,2,75.6,202.16,13,0
CUST100470,Female,North,Organic,Beauty,33,61605.88,27,1,12,0.421,3,0.296,6,79.03,494.72,1,1
CUST100471,Female,South,Social Media,Electronics,36,24635.44,15,1,12,0.538,2,0.364,2,53.68,155.06,25,0
CUST100472,Male,East,Organic,Fashion,18,53437.19,21,1,3,0.314,5,0.244,5,62.34,294.84,101,0
CUST100473,Male,North,Organic,Fashion,20,30958.29,20,0,5,0.381,1,0.564,5,80.79,364.25,58,1
CUST100474,Male,South,Organic,Fashion,58,126721.16,4,0,5,0.416,2,0.187,5,122.07,669.26,41,0
CUST100475,Female,South,Other,Fashion,61,80648.93,42,0,4,0.158,1,0.106,3,115.86,364.55,69,0
CUST100476,Male,South,Other,Groceries,37,57497.98,25,0,13,0.358,0,0.267,7,81.3,577.78,26,1
CUST100477,Male,East,Organic,Beauty,47,93512.02,28,0,7,0.245,6,0.584,5,126.69,644.35,64,0
CUST100478,Female,South,Organic,Groceries,44,38547.08,22,1,9,0.132,1,0.623,6,70.87,359.74,35,0
CUST100479,Male,East,Organic,Sports,75,69102.75,30,0,9,0.083,4,0.523,4,90.06,331.15,92,0
CUST100480,Male,North,Search,Sports,55,59814.83,68,1,11,0.403,1,0.103,9,95.79,870.24,30,1
CUST100481,Male,West,Search,Electronics,38,61449.86,10,0,0,0.398,1,0.689,3,83.94,329.62,140,1
CUST100482,Female,South,Organic,Electronics,28,93852.24,72,0,5,0.409,4,0.356,6,80.02,431.78,35,0
CUST100483,Female,East,Social Media,Home & Living,19,74812.12,35,0,2,0.397,0,0.198,2,68.05,103.55,79,1
CUST100484,Female,East,Referral,Electronics,43,62090.76,23,1,10,0.395,2,0.544,9,53.16,504.8,307,0
CUST100485,Male,North,Other,Electronics,30,27447.65,25,0,6,0.246,0,0.199,4,100.33,293.04,76,0
CUST100486,Female,West,Search,Electronics,22,36749.1,18,0,7,0.54,1,0.287,5,73.66,359.33,1,0
CUST100487,Other,East,Referral,Beauty,32,52237.23,8,1,2,0.623,0,0.074,5,82.78,358.77,50,1
CUST100488,Female,South,Social Media,Beauty,26,57199.75,16,1,8,0.415,2,0.045,3,75.24,322.54,14,1
CUST100489,Male,North,Social Media,Home & Living,62,34214.43,30,0,11,0.484,3,0.366,5,84.13,456.3,92,0
CUST100490,Female,West,Referral,Home & Living,51,151447.25,26,1,13,0.569,1,0.223,8,125.89,965.48,62,0
CUST100491,Male,West,Referral,Groceries,40,103982.09,39,1,11,0.392,3,0.206,5,140.55,706.31,17,0
CUST100492,Male,North,Other,Fashion,59,70825.77,22,1,5,0.646,2,0.104,8,93.79,706.69,99,1
CUST100493,Female,South,Organic,Fashion,41,56689.48,20,0,11,0.316,4,0.215,4,79.44,270.98,59,0
CUST100494,Male,West,Organic,Electronics,29,50310.08,72,0,9,0.193,2,0.402,4,93.61,316.67,2,0
CUST100495,Female,East,Referral,Electronics,60,36874.76,18,0,7,0.551,0,0.131,7,94.84,632.27,43,1
CUST100496,Male,West,Social Media,Electronics,47,56819.24,19,1,2,0.236,1,0.572,6,72.95,455.32,225,0
CUST100497,Female,South,Social Media,Electronics,27,61288.32,52,0,10,0.468,0,0.369,6,92.78,610.44,31,1
CUST100498,Female,East,Other,Fashion,38,32648.33,45,1,7,0.16,2,0.166,4,105.72,374.76,25,1
CUST100499,Female,South,Search,Fashion,29,63287.46,24,0,8,0.534,2,0.143,3,110.4,289.07,132,1
CUST100500,Male,North,Organic,Home & Living,22,51527.95,47,0,7,0.1,3,0.611,4,56.37,326.89,1,1
CUST100501,Male,East,Search,Beauty,52,24681.5,32,0,12,0.651,0,0.713,5,76.05,386.26,48,0
CUST100502,Female,West,Social Media,Home & Living,65,38319.98,22,0,7,0.5,1,0.245,2,65.06,116.55,56,0
CUST100503,Male,South,Organic,Fashion,22,46229.53,43,1,9,0.264,0,0.212,9,100.15,863.89,89,1
CUST100504,Female,South,Organic,Groceries,47,121530.1,31,1,14,0.278,0,0.306,10,120.06,1170.94,8,1
CUST100505,Female,East,Organic,Fashion,32,69483.23,8,1,7,0.712,0,0.601,4,116.95,469.95,41,0
CUST100506,Male,East,Search,Fashion,34,31388.17,43,1,11,0.477,3,0.387,5,92.11,512.23,56,1
CUST100507,Male,West,Social Media,Electronics,32,67455.52,28,1,8,0.436,1,0.247,1,78.24,27.92,81,1
CUST100508,Male,West,Search,Home & Living,29,28716.32,65,1,6,0.519,2,0.518,6,81.78,479.74,30,1
CUST100509,Female,North,Other,Home & Living,41,86666.15,48,0,7,0.249,7,0.129,6,82.11,573.07,217,0
CUST100510,Male,West,Organic,Electronics,29,45126.1,34,1,11,0.407,1,0.173,7,66.72,398.03,1,1
CUST100511,Male,West,Other,Electronics,44,52878.98,24,1,13,0.576,5,0.105,10,83.28,889.72,12,1
CUST100512,Male,West,Social Media,Groceries,39,95982.68,30,1,14,0.145,2,0.234,7,109.8,863.03,35,1
CUST100513,Female,East,Referral,Fashion,37,32031.65,17,1,8,0.212,2,0.136,4,66.05,266.04,60,0
CUST100514,Male,West,Other,Fashion,28,30586.04,34,1,6,0.32,0,0.736,6,82.91,556.68,147,0
CUST100515,Male,North,Referral,Electronics,33,43043.94,67,1,8,0.377,0,0.089,4,62.03,161.89,87,0
CUST100516,Female,South,Social Media,Groceries,50,85068.12,72,0,3,0.289,4,0.103,4,63.07,240.23,21,1
CUST100517,Female,West,Social Media,Fashion,47,29055.5,57,0,6,0.153,0,0.147,7,109.05,811.9,83,1
CUST100518,Female,North,Social Media,Fashion,27,18000.0,33,1,8,0.218,2,0.631,2,68.71,72.51,151,0
CUST100519,Male,North,Search,Electronics,41,45506.1,12,1,11,0.286,2,0.112,8,85.54,743.16,46,1
CUST100520,Male,West,Organic,Groceries,50,69342.94,29,0,0,0.392,2,0.246,5,85.19,539.52,168,0
CUST100521,Female,West,Search,Home & Living,18,91053.12,50,0,5,0.225,0,0.13,6,100.54,570.47,1,1
CUST100522,Male,North,Referral,Fashion,47,45277.28,47,0,5,0.326,3,0.146,2,85.52,204.45,106,0
CUST100523,Female,West,Social Media,Home & Living,31,46271.86,27,1,13,0.284,2,0.417,10,102.99,1073.25,119,1
CUST100524,Female,East,Social Media,Sports,47,89297.32,26,0,3,0.259,6,0.232,3,103.06,381.4,46,0
CUST100525,Male,East,Other,Home & Living,30,25079.27,38,1,10,0.307,2,0.62,5,78.88,342.99,1,0
CUST100526,Female,West,Organic,Sports,18,46719.16,31,0,7,0.395,1,0.169,3,94.05,252.74,121,1
CUST100527,Female,South,Social Media,Beauty,19,59579.48,29,0,10,0.286,4,0.603,6,73.9,472.47,10,0
CUST100528,Male,North,Other,Home & Living,41,66420.45,28,1,11,0.336,2,0.098,4,95.53,386.21,21,1
CUST100529,Female,South,Social Media,Electronics,43,44398.89,61,0,7,0.338,0,0.161,3,76.75,312.25,125,1
CUST100530,Male,East,Organic,Groceries,28,55801.37,16,0,5,0.476,1,0.145,5,106.17,517.09,87,0
CUST100531,Male,East,Organic,Home & Living,48,19341.16,25,0,1,0.383,1,0.274,4,79.79,300.05,365,0
CUST100532,Male,West,Organic,Sports,18,41715.34,26,0,8,0.173,4,0.166,6,75.29,468.37,56,0
CUST100533,Female,West,Search,Home & Living,39,66540.24,33,1,10,0.108,5,0.422,6,56.85,356.69,61,1
CUST100534,Female,East,Search,Sports,24,36407.31,31,0,2,0.556,0,0.468,4,80.18,315.29,127,0
CUST100535,Female,West,Other,Home & Living,32,56379.55,29,1,5,0.114,5,0.399,2,103.37,165.28,8,0
CUST100536,Male,North,Referral,Beauty,41,66355.03,16,0,8,0.275,0,0.131,8,104.97,846.15,50,0
CUST100537,Female,North,Referral,Sports,29,47629.99,31,1,10,0.468,3,0.267,11,83.29,937.05,1,1
CUST100538,Male,West,Search,Groceries,35,59082.1,43,1,6,0.59,1,0.343,8,104.15,794.94,1,1
CUST100539,Female,North,Social Media,Home & Living,53,36707.66,34,1,7,0.288,2,0.524,7,97.31,630.02,132,0
CUST100540,Male,South,Other,Sports,33,50428.5,16,1,3,0.465,0,0.435,5,52.37,278.53,59,0
CUST100541,Male,East,Social Media,Sports,51,71067.06,32,0,11,0.177,1,0.601,8,112.82,1041.81,61,0
CUST100542,Male,South,Referral,Beauty,25,58748.28,31,0,3,0.233,0,0.522,3,78.87,293.57,95,0
CUST100543,Female,West,Search,Fashion,47,42990.97,25,1,11,0.353,9,0.251,12,94.05,1120.24,5,1
CUST100544,Male,South,Social Media,Electronics,59,60431.11,34,0,7,0.073,2,0.459,5,79.68,389.18,119,1
CUST100545,Female,North,Search,Home & Living,18,74252.34,21,0,11,0.218,3,0.193,5,98.07,498.17,79,1
CUST100546,Male,South,Organic,Beauty,30,23251.23,44,0,4,0.219,2,0.482,3,77.16,205.47,97,0
CUST100547,Male,East,Organic,Fashion,48,89491.56,72,0,7,0.267,2,0.032,12,68.29,838.11,22,0
CUST100548,Male,South,Organic,Electronics,37,47756.07,46,1,3,0.289,1,0.156,7,76.62,470.62,71,1
CUST100549,Female,East,Social Media,Sports,45,65761.79,19,0,1,0.187,8,0.529,4,114.78,439.12,117,0
CUST100550,Female,West,Organic,Sports,32,90937.9,42,0,9,0.269,1,0.265,2,109.18,280.15,41,1
CUST100551,Male,West,Organic,Sports,41,30914.65,48,1,3,0.476,1,0.533,4,78.13,345.32,52,1
CUST100552,Male,South,Referral,Beauty,38,40827.99,37,0,6,0.103,3,0.278,6,73.07,470.15,56,0
CUST100553,Male,South,Search,Fashion,55,48722.59,39,1,12,0.431,1,0.231,9,77.84,751.9,22,0
CUST100554,Female,East,Referral,Fashion,43,39573.38,29,0,9,0.378,1,0.511,9,64.63,567.33,77,1
CUST100555,Male,West,Search,Electronics,44,113978.13,14,1,7,0.435,0,0.449,6,117.51,642.82,45,1
CUST100556,Female,West,Organic,Sports,35,38378.17,28,0,2,0.293,1,0.417,2,106.72,223.21,48,0
CUST100557,Female,North,Organic,Electronics,34,43554.09,17,0,9,0.46,0,0.357,5,73.08,386.96,214,1
CUST100558,Male,East,Search,Beauty,34,59929.96,27,0,11,0.497,0,0.213,5,85.03,503.78,51,1
CUST100559,Female,South,Referral,Groceries,45,33196.03,22,0,5,0.275,0,0.395,3,64.74,163.43,18,0
CUST100560,Female,North,Referral,Groceries,35,46578.88,16,1,6,0.589,1,0.601,4,86.35,334.33,66,0
CUST100561,Female,North,Organic,Home & Living,44,62844.51,60,1,7,0.294,5,0.234,9,102.16,973.01,62,1
CUST100562,Male,South,Social Media,Electronics,67,47824.2,30,0,9,0.392,2,0.426,6,122.64,776.48,76,1
CUST100563,Male,South,Search,Sports,51,52884.52,22,0,11,0.211,0,0.392,5,107.39,471.43,213,0
CUST100564,Male,North,Organic,Electronics,36,44036.27,11,0,3,0.306,3,0.294,4,100.54,454.87,2,1
CUST100565,Male,East,Organic,Electronics,56,29115.06,47,0,2,0.148,4,0.222,3,71.03,292.0,120,0
CUST100566,Male,South,Other,Groceries,35,62953.88,35,0,14,0.297,1,0.421,3,69.33,185.57,19,0
CUST100567,Male,East,Search,Electronics,18,114939.4,72,1,8,0.408,1,0.196,8,107.74,914.46,41,1
CUST100568,Female,South,Referral,Sports,27,55426.72,20,0,8,0.231,0,0.207,4,70.21,311.61,10,1
CUST100569,Male,North,Social Media,Groceries,18,60457.71,57,1,7,0.159,0,0.169,3,80.71,204.58,112,1
CUST100570,Male,South,Social Media,Electronics,35,73572.9,28,1,10,0.241,2,0.452,3,102.47,249.76,43,1
CUST100571,Male,North,Social Media,Electronics,40,32272.46,18,1,12,0.623,6,0.244,12,95.84,1169.07,68,1
CUST100572,Female,East,Referral,Beauty,62,112436.58,24,0,8,0.184,2,0.456,5,131.53,708.25,162,1
CUST100573,Female,North,Referral,Sports,44,59878.13,32,1,14,0.359,1,0.144,5,104.21,505.84,1,1
CUST100574,Male,East,Organic,Groceries,37,109148.91,22,1,8,0.638,2,0.358,6,113.13,626.37,72,1
CUST100575,Male,North,Other,Groceries,51,40425.44,14,0,6,0.378,1,0.438,3,67.24,104.84,285,0
CUST100576,Other,East,Search,Sports,18,118027.68,17,0,8,0.502,0,0.406,2,122.6,251.51,147,1
CUST100577,Male,West,Organic,Beauty,43,76164.73,40,1,10,0.29,1,0.206,3,114.45,310.1,6,1
CUST100578,Male,North,Other,Fashion,50,69380.79,16,1,10,0.454,2,0.514,4,92.12,331.63,165,0
CUST100579,Male,South,Other,Beauty,21,60680.56,21,0,3,0.405,1,0.234,7,96.78,754.55,71,1
CUST100580,Male,North,Other,Beauty,55,49548.46,16,1,10,0.465,2,0.218,8,96.1,803.72,194,0
CUST100581,Male,East,Social Media,Sports,44,91063.45,35,0,6,0.142,0,0.6,5,118.29,622.74,134,0
CUST100582,Female,South,Other,Beauty,35,58339.79,72,0,5,0.26,0,0.308,11,79.89,876.59,54,1
CUST100583,Female,East,Organic,Home & Living,48,24074.76,39,0,7,0.31,1,0.163,6,71.79,455.01,132,1
CUST100584,Male,East,Social Media,Fashion,70,34402.01,19,0,4,0.426,6,0.114,5,55.98,294.06,12,0
CUST100585,Female,West,Social Media,Home & Living,42,50870.23,35,1,5,0.393,0,0.278,5,83.03,399.85,16,1
CUST100586,Male,East,Organic,Groceries,43,62648.06,20,1,0,0.205,1,0.11,4,125.64,501.79,123,0
CUST100587,Male,East,Organic,Beauty,34,53708.22,33,1,14,0.489,1,0.458,2,138.34,332.14,1,1
CUST100588,Female,South,Other,Electronics,29,91771.42,64,0,9,0.333,1,0.325,9,102.4,937.65,49,1
CUST100589,Female,West,Referral,Groceries,51,24236.76,29,1,8,0.587,0,0.217,9,75.36,786.6,74,1
CUST100590,Male,West,Social Media,Sports,29,58418.94,36,0,5,0.276,2,0.135,3,77.77,291.62,94,0
CUST100591,Male,South,Organic,Beauty,41,25630.47,30,0,0,0.138,1,0.114,8,73.37,584.16,162,0
CUST100592,Female,West,Organic,Electronics,34,75672.31,49,1,6,0.589,1,0.367,4,92.04,378.09,28,1
CUST100593,Female,South,Referral,Groceries,46,52860.72,43,0,9,0.435,1,0.106,4,99.23,397.99,134,0
CUST100594,Female,West,Organic,Electronics,44,65599.59,25,0,10,0.625,0,0.327,3,64.21,256.54,120,1
CUST100595,Male,West,Search,Home & Living,53,38263.73,43,0,9,0.234,0,0.268,4,82.21,276.72,31,0
CUST100596,Male,North,Search,Home & Living,33,94132.98,33,0,8,0.34,0,0.116,2,129.18,253.02,1,1
CUST100597,Male,East,Organic,Electronics,36,85187.74,23,1,13,0.249,0,0.75,7,120.63,876.65,24,1
CUST100598,Male,South,Organic,Home & Living,27,70275.4,24,1,8,0.62,1,0.178,8,131.18,1074.21,23,1
CUST100599,Female,South,Referral,Home & Living,34,52088.07,33,1,12,0.312,1,0.168,5,87.39,504.78,1,1
CUST100600,Male,South,Organic,Fashion,45,70166.66,36,1,8,0.319,2,0.492,10,87.29,855.11,58,1
CUST100601,Male,East,Social Media,Sports,50,40871.72,27,1,6,0.238,0,0.273,4,95.53,312.22,274,0
CUST100602,Female,North,Referral,Groceries,28,78780.58,37,1,6,0.329,0,0.18,2,83.84,191.07,64,1
CUST100603,Female,North,Organic,Beauty,51,109959.83,19,0,4,0.432,0,0.379,4,96.98,397.8,250,0
CUST100604,Male,East,Search,Fashion,58,86227.54,16,1,11,0.372,1,0.39,8,103.92,852.63,307,0
CUST100605,Female,North,Organic,Fashion,45,40483.73,12,0,5,0.676,2,0.499,4,102.51,393.51,34,1
CUST100606,Female,North,Organic,Groceries,64,64015.71,40,1,5,0.284,4,0.069,8,118.34,975.34,31,0
CUST100607,Female,North,Organic,Electronics,30,31951.33,11,0,9,0.251,0,0.247,5,82.95,404.61,129,0
CUST100608,Male,South,Social Media,Sports,24,69946.95,36,1,10,0.822,0,0.125,5,95.37,508.05,42,1
CUST100609,Female,South,Other,Fashion,18,66459.09,23,1,12,0.429,0,0.294,9,122.56,1097.34,4,1
CUST100610,Female,North,Social Media,Groceries,59,25078.49,25,1,10,0.573,2,0.063,5,94.47,544.12,55,1
CUST100611,Male,West,Referral,Home & Living,49,33763.62,25,1,6,0.519,0,0.308,1,70.58,0.0,102,1
CUST100612,Male,East,Organic,Groceries,39,48833.42,72,0,7,0.372,1,0.367,6,84.99,430.49,134,1
CUST100613,Female,South,Search,Groceries,44,48471.31,21,1,9,0.17,1,0.229,7,74.05,548.31,87,0
CUST100614,Male,South,Social Media,Home & Living,25,33094.03,17,0,4,0.121,3,0.26,2,63.51,61.09,89,0
CUST100615,Female,South,Other,Home & Living,72,64761.04,72,0,3,0.451,2,0.282,5,120.58,610.66,64,1
CUST100616,Male,East,Organic,Electronics,42,61126.9,12,0,5,0.453,6,0.119,8,92.48,718.29,31,1
CUST100617,Male,North,Organic,Groceries,41,50690.58,14,0,14,0.315,0,0.17,6,85.07,571.15,172,1
CUST100618,Male,North,Search,Home & Living,49,40040.87,47,0,6,0.309,2,0.063,2,86.1,174.86,45,1
CUST100619,Female,West,Social Media,Fashion,46,85437.93,37,1,13,0.144,3,0.309,4,103.1,389.22,39,1
CUST100620,Male,South,Social Media,Fashion,43,110233.87,24,1,7,0.226,0,0.383,5,74.37,447.7,114,1
CUST100621,Female,South,Search,Fashion,30,44891.0,16,0,10,0.419,0,0.16,1,91.59,120.64,25,0
CUST100622,Female,West,Other,Electronics,46,42530.57,8,0,10,0.275,1,0.296,5,93.52,417.3,233,0
CUST100623,Female,East,Search,Sports,64,67602.19,66,0,10,0.447,2,0.17,11,97.97,991.45,63,1
CUST100624,Female,South,Other,Sports,57,47321.32,43,0,8,0.372,0,0.041,8,73.43,647.08,30,1
CUST100625,Female,East,Other,Home & Living,61,51872.37,62,0,11,0.326,2,0.464,7,120.5,858.58,84,0
CUST100626,Male,North,Social Media,Sports,33,75037.46,52,0,8,0.154,5,0.205,6,80.96,524.67,109,0
CUST100627,Female,East,Referral,Fashion,27,24665.45,38,1,14,0.341,1,0.255,3,64.12,245.26,29,1
CUST100628,Female,South,Organic,Electronics,38,95681.04,21,1,4,0.364,1,0.286,8,107.85,889.86,57,1
CUST100629,Male,West,Search,Home & Living,41,56704.81,16,0,8,0.336,1,0.064,7,97.88,699.04,78,1
CUST100630,Male,West,Referral,Fashion,54,46270.57,55,0,8,0.234,1,0.463,9,93.69,838.23,63,1
CUST100631,Female,West,Social Media,Fashion,18,52976.84,23,1,6,0.498,2,0.413,5,96.38,501.43,1,0
CUST100632,Male,West,Organic,Home & Living,60,54138.93,16,1,11,0.66,1,0.176,6,118.37,695.58,2,1
CUST100633,Female,East,Organic,Beauty,38,26581.85,20,0,2,0.219,0,0.284,11,79.13,930.63,75,1
CUST100634,Male,South,Social Media,Fashion,34,103049.27,57,0,5,0.706,2,0.278,3,123.82,403.27,27,0
CUST100635,Male,South,Organic,Home & Living,27,55962.95,17,0,1,0.436,1,0.065,4,90.4,428.43,166,0
CUST100636,Female,East,Referral,Home & Living,18,66247.26,24,0,12,0.209,1,0.224,4,81.29,340.29,254,0
CUST100637,Male,West,Referral,Electronics,51,82021.72,28,0,6,0.176,2,0.071,4,88.57,358.06,107,0
CUST100638,Male,North,Search,Home & Living,41,35817.8,34,0,14,0.584,3,0.258,7,102.85,716.19,1,0
CUST100639,Female,West,Organic,Groceries,23,67100.49,17,0,10,0.114,0,0.071,1,96.12,173.13,1,0
CUST100640,Male,West,Social Media,Groceries,23,49152.31,27,0,8,0.294,2,0.42,5,72.14,307.6,35,0
CUST100641,Female,West,Referral,Home & Living,36,78490.45,48,1,7,0.377,1,0.424,7,91.71,559.03,81,1
CUST100642,Female,West,Other,Home & Living,62,22508.6,72,0,4,0.313,0,0.238,4,60.03,231.54,127,0
CUST100643,Female,South,Referral,Fashion,37,52757.9,15,1,10,0.527,1,0.263,10,121.34,1208.79,1,1
CUST100644,Male,North,Organic,Fashion,20,42697.85,16,0,7,0.207,0,0.426,6,83.66,551.92,64,0
CUST100645,Male,North,Organic,Electronics,37,65949.13,18,0,3,0.269,0,0.285,4,113.86,518.2,18,1
CUST100646,Female,South,Organic,Beauty,36,67003.96,42,1,4,0.446,1,0.077,4,133.42,528.26,1,0
CUST100647,Female,East,Search,Electronics,18,40859.13,15,1,6,0.437,1,0.348,3,115.6,328.44,69,1
CUST100648,Female,West,Organic,Groceries,39,40781.16,27,0,13,0.534,2,0.305,6,71.81,323.01,62,1
CUST100649,Female,West,Referral,Electronics,37,52502.13,25,1,16,0.245,1,0.085,7,142.98,1107.57,71,1
CUST100650,Male,East,Search,Groceries,49,37740.86,72,1,9,0.49,2,0.421,7,102.4,745.27,53,1
CUST100651,Male,North,Organic,Electronics,64,78332.79,21,0,7,0.302,1,0.231,1,77.64,137.85,1,0
CUST100652,Male,North,Organic,Sports,55,47099.68,20,0,6,0.385,1,0.157,5,89.91,499.5,91,1
CUST100653,Male,North,Social Media,Fashion,37,18000.0,42,1,6,0.348,0,0.068,7,80.66,484.28,35,1
CUST100654,Male,South,Other,Fashion,26,46988.74,35,0,11,0.466,2,0.424,6,85.85,493.14,31,0
CUST100655,Female,East,Organic,Home & Living,73,35557.28,19,0,13,0.234,0,0.488,6,91.26,547.75,41,1
CUST100656,Male,North,Organic,Sports,41,27721.2,59,0,4,0.437,0,0.349,4,86.37,338.19,1,0
CUST100657,Male,South,Other,Fashion,40,32707.81,12,1,9,0.477,0,0.352,6,71.99,470.1,103,1
CUST100658,Male,North,Organic,Electronics,40,57586.3,28,1,7,0.333,0,0.291,2,99.08,137.9,48,1
CUST100659,Female,East,Other,Sports,43,96097.41,24,1,7,0.708,0,0.416,7,99.93,680.8,142,0
CUST100660,Female,South,Organic,Groceries,38,62731.94,27,1,13,0.471,0,0.569,4,98.2,392.9,95,1
CUST100661,Female,South,Social Media,Sports,33,42631.86,19,1,5,0.268,1,0.061,7,83.33,541.08,30,0
CUST100662,Female,South,Referral,Groceries,33,66607.22,27,1,10,0.422,2,0.155,7,87.34,654.21,192,0
CUST100663,Male,West,Other,Fashion,40,45354.77,33,1,11,0.263,0,0.175,6,102.64,629.01,140,1
CUST100664,Female,North,Referral,Groceries,33,41083.27,5,1,8,0.495,1,0.147,4,94.92,434.51,19,1
CUST100665,Male,East,Search,Sports,31,33869.02,22,0,10,0.481,1,0.205,2,82.44,256.39,50,0
CUST100666,Male,East,Organic,Home & Living,41,26352.55,18,1,9,0.26,2,0.154,7,74.71,515.08,101,1
CUST100667,Female,East,Organic,Electronics,37,46691.64,72,1,13,0.126,5,0.552,4,99.2,435.16,7,1
CUST100668,Female,West,Social Media,Groceries,60,58774.94,37,1,4,0.15,4,0.277,6,98.12,503.34,30,1
CUST100669,Male,South,Search,Electronics,18,52812.68,17,1,8,0.642,2,0.142,2,78.7,91.6,1,0
CUST100670,Male,South,Other,Groceries,54,46183.71,21,1,9,0.412,7,0.125,2,110.87,236.22,1,1
CUST100671,Female,North,Referral,Home & Living,56,36970.48,25,1,0,0.447,5,0.182,6,104.81,614.88,15,1
CUST100672,Male,East,Social Media,Fashion,18,71008.29,21,0,4,0.271,1,0.314,4,30.35,194.0,65,1
CUST100673,Male,South,Referral,Home & Living,36,31631.0,39,0,4,0.218,2,0.243,5,36.64,211.15,131,0
CUST100674,Male,North,Other,Beauty,35,76192.64,65,0,10,0.103,2,0.3,6,118.72,647.92,24,1
CUST100675,Male,East,Other,Home & Living,22,36103.94,3,0,5,0.588,2,0.037,8,50.68,419.29,112,0
CUST100676,Female,East,Referral,Sports,30,40097.36,24,0,4,0.158,2,0.389,5,52.92,244.28,32,1
CUST100677,Male,North,Social Media,Electronics,26,29704.05,72,0,10,0.385,1,0.436,7,69.33,545.52,83,1
CUST100678,Male,East,Social Media,Fashion,63,44555.89,25,0,2,0.443,0,0.518,2,91.11,173.01,54,0
CUST100679,Female,East,Organic,Groceries,52,82844.42,34,1,2,0.328,2,0.501,3,96.28,274.32,7,1
CUST100680,Female,North,Search,Electronics,57,68299.13,7,0,6,0.185,3,0.325,1,38.22,0.0,117,0
CUST100681,Male,South,Organic,Groceries,49,82952.69,58,1,4,0.497,0,0.544,8,107.08,805.0,110,0
CUST100682,Male,East,Social Media,Groceries,25,68486.25,15,1,4,0.298,2,0.037,3,125.66,341.5,1,0
CUST100683,Male,East,Organic,Home & Living,33,34597.86,37,0,9,0.167,5,0.142,5,50.6,296.66,71,0
CUST100684,Female,South,Organic,Groceries,46,47865.82,16,0,10,0.179,1,0.48,6,112.93,754.22,77,1
CUST100685,Female,South,Referral,Sports,24,39632.5,4,1,11,0.282,3,0.276,8,77.85,695.96,51,0
CUST100686,Female,East,Search,Home & Living,49,96175.5,35,1,12,0.154,2,0.538,7,141.03,1008.49,20,1
CUST100687,Female,West,Social Media,Home & Living,37,33270.86,44,0,11,0.059,1,0.216,11,87.12,923.3,9,1
CUST100688,Female,East,Other,Fashion,35,80052.78,28,0,0,0.084,1,0.466,4,81.95,272.47,72,0
CUST100689,Female,North,Referral,Groceries,49,80027.78,13,0,8,0.316,1,0.397,8,106.6,863.4,1,0
CUST100690,Female,South,Organic,Fashion,46,118602.04,72,0,5,0.059,2,0.232,7,131.62,876.21,21,1
CUST100691,Male,West,Social Media,Groceries,35,46305.69,43,0,5,0.062,0,0.054,3,53.66,252.09,82,0
CUST100692,Other,North,Search,Fashion,55,74181.03,32,0,9,0.552,6,0.18,5,96.69,518.1,126,1
CUST100693,Male,West,Referral,Sports,26,143398.43,53,1,3,0.239,1,0.219,5,138.32,691.99,168,0
CUST100694,Male,West,Referral,Groceries,48,42432.89,21,1,3,0.388,1,0.493,5,83.68,429.37,7,1
CUST100695,Female,North,Search,Groceries,48,28864.61,72,1,11,0.561,1,0.263,5,61.42,307.19,9,1
CUST100696,Male,West,Referral,Home & Living,36,24971.35,43,1,10,0.285,1,0.282,8,117.62,990.22,82,0
CUST100697,Female,South,Social Media,Electronics,44,74193.18,51,1,9,0.515,2,0.346,9,67.46,622.31,104,0
CUST100698,Female,West,Search,Groceries,24,24938.43,24,1,6,0.364,6,0.104,6,72.07,403.58,197,0
CUST100699,Male,South,Social Media,Sports,52,47038.16,14,0,9,0.383,2,0.43,3,83.17,265.09,92,0
CUST100700,Female,South,Search,Electronics,38,66089.16,32,0,9,0.57,0,0.441,12,125.32,1493.66,70,1
CUST100701,Male,East,Organic,Beauty,33,59448.29,22,1,9,0.341,1,0.655,7,52.01,346.35,55,1
CUST100702,Male,West,Social Media,Fashion,54,65760.54,72,1,5,0.467,1,0.474,3,99.24,282.97,9,0
CUST100703,Female,North,Search,Home & Living,31,60382.23,12,0,6,0.037,3,0.452,4,72.41,282.59,2,1
CUST100704,Female,East,Organic,Fashion,22,94109.3,61,0,10,0.069,0,0.449,2,81.85,33.54,89,0
CUST100705,Female,North,Search,Fashion,20,36868.6,9,1,13,0.458,1,0.302,8,109.06,897.48,68,1
CUST100706,Male,South,Referral,Beauty,48,41388.18,16,0,6,0.251,1,0.165,3,63.98,222.33,2,0
CUST100707,Female,South,Social Media,Fashion,23,39758.2,9,0,6,0.349,2,0.193,5,52.04,213.12,20,1
CUST100708,Male,South,Referral,Fashion,63,77945.8,21,1,8,0.217,2,0.246,1,84.85,14.58,206,0
CUST100709,Female,South,Social Media,Groceries,18,80278.4,26,0,8,0.387,1,0.335,4,90.56,427.51,4,1
CUST100710,Male,North,Organic,Fashion,62,66476.45,20,1,7,0.624,0,0.127,4,101.31,502.27,1,1
CUST100711,Female,North,Referral,Groceries,43,90414.13,37,1,0,0.37,1,0.258,3,100.58,297.88,8,0
CUST100712,Male,North,Other,Beauty,39,33533.87,26,0,11,0.348,2,0.303,5,66.89,385.21,74,1
CUST100713,Male,South,Social Media,Beauty,33,110782.33,7,0,13,0.33,0,0.365,3,127.6,375.84,74,1
CUST100714,Male,West,Organic,Beauty,45,104281.44,16,0,5,0.171,3,0.293,6,67.3,413.08,165,0
CUST100715,Female,North,Organic,Fashion,40,74910.53,24,0,4,0.263,2,0.339,2,113.0,207.92,100,1
CUST100716,Female,West,Referral,Electronics,54,116243.69,52,1,8,0.158,2,0.156,3,92.0,309.97,18,1
CUST100717,Female,East,Search,Sports,41,27427.64,31,0,6,0.667,2,0.472,1,94.18,108.52,1,1
CUST100718,Male,East,Social Media,Home & Living,42,44126.7,22,0,10,0.421,0,0.079,4,95.53,445.57,51,1
CUST100719,Female,East,Social Media,Fashion,35,40386.91,11,0,7,0.397,1,0.141,2,89.24,163.72,212,0
CUST100720,Male,West,Search,Groceries,39,74466.88,32,0,4,0.335,3,0.38,4,89.18,377.35,34,0
CUST100721,Female,North,Social Media,Groceries,44,35384.51,59,0,3,0.699,0,0.326,2,70.66,177.52,102,1
CUST100722,Male,East,Referral,Groceries,18,75601.88,24,1,12,0.092,2,0.111,8,97.37,799.87,17,1
CUST100723,Female,East,Organic,Beauty,22,97803.3,17,0,9,0.128,5,0.379,4,115.0,475.68,85,0
CUST100724,Female,East,Search,Electronics,50,73649.58,40,0,10,0.501,0,0.179,8,87.55,766.15,65,1
CUST100725,Female,West,Other,Sports,42,61961.21,53,0,4,0.514,1,0.087,7,77.96,499.28,91,1
CUST100726,Female,North,Social Media,Electronics,38,36322.1,26,1,15,0.357,0,0.155,7,84.44,617.92,7,1
CUST100727,Female,East,Search,Groceries,40,38538.42,43,0,1,0.617,0,0.116,7,73.81,484.89,36,0
CUST100728,Female,East,Search,Sports,45,92960.36,23,1,11,0.46,0,0.046,5,103.85,480.53,1,1
CUST100729,Male,South,Other,Groceries,33,76299.0,44,1,3,0.763,1,0.431,7,127.76,877.61,43,1
CUST100730,Female,South,Referral,Electronics,30,54105.99,60,1,6,0.572,2,0.133,8,75.53,620.73,77,1
CUST100731,Male,East,Referral,Home & Living,43,46146.04,47,0,12,0.379,2,0.37,2,104.6,230.73,63,0
CUST100732,Female,West,Other,Home & Living,27,23488.1,39,1,11,0.327,0,0.595,8,94.6,746.5,26,0
CUST100733,Male,South,Social Media,Sports,45,35078.04,71,1,7,0.543,2,0.054,5,60.58,339.78,80,1
CUST100734,Male,West,Referral,Groceries,18,122747.48,25,1,7,0.267,2,0.371,8,97.62,821.33,88,1
CUST100735,Male,South,Referral,Fashion,53,32122.02,39,0,7,0.215,2,0.269,2,78.59,239.63,116,0
CUST100736,Male,North,Referral,Home & Living,46,59555.86,25,1,10,0.36,2,0.184,7,94.27,641.61,22,1
CUST100737,Female,North,Organic,Groceries,43,83970.01,39,1,13,0.6,2,0.608,6,93.54,527.65,21,1
CUST100738,Male,North,Other,Home & Living,53,32468.35,43,0,6,0.41,1,0.458,7,97.85,690.1,159,0
CUST100739,Female,South,Referral,Fashion,62,59436.68,49,0,2,0.464,4,0.647,7,94.95,602.3,147,0
CUST100740,Male,South,Social Media,Fashion,53,81553.37,30,1,9,0.515,0,0.251,5,106.09,630.37,98,1
CUST100741,Female,East,Organic,Home & Living,18,55289.49,8,0,6,0.532,2,0.43,4,102.18,394.3,8,0
CUST100742,Female,East,Search,Groceries,23,180000.0,26,1,5,0.38,1,0.224,6,118.67,676.29,44,1
CUST100743,Female,North,Organic,Electronics,32,27290.03,42,0,8,0.423,0,0.3,8,62.17,500.75,129,1
CUST100744,Female,North,Social Media,Fashion,40,85798.3,35,0,6,0.386,0,0.31,5,88.02,444.51,117,1
CUST100745,Male,South,Search,Groceries,47,51149.69,38,1,10,0.57,2,0.574,4,67.52,280.94,53,1
CUST100746,Female,East,Search,Electronics,31,76061.3,44,0,4,0.292,2,0.328,2,88.98,198.66,68,0
CUST100747,Male,North,Organic,Groceries,42,66200.11,14,1,10,0.308,4,0.454,6,107.92,604.19,6,1
CUST100748,Male,North,Organic,Groceries,30,40423.35,46,1,5,0.162,0,0.066,9,61.86,572.66,8,1
CUST100749,Female,West,Organic,Sports,32,60552.56,72,1,6,0.325,1,0.159,9,73.31,647.12,15,1
CUST100750,Male,West,Referral,Fashion,22,25204.3,24,1,8,0.284,0,0.305,3,78.06,214.52,11,0
CUST100751,Female,North,Search,Home & Living,28,70859.36,50,1,14,0.417,1,0.171,8,100.97,849.1,23,1
CUST100752,Female,South,Search,Fashion,22,62337.29,31,0,10,0.103,1,0.546,6,77.85,395.34,116,0
CUST100753,Male,South,Search,Beauty,27,71921.16,37,1,12,0.159,1,0.517,9,87.86,823.39,1,1
CUST100754,Male,West,Search,Electronics,54,85776.31,47,0,12,0.174,3,0.382,9,122.81,1185.84,3,1
CUST100755,Male,East,Organic,Sports,28,64182.69,35,0,19,0.644,1,0.121,5,73.99,387.68,36,0
CUST100756,Female,North,Organic,Home & Living,74,58529.49,23,1,9,0.314,3,0.19,6,129.22,865.98,148,1
CUST100757,Female,East,Organic,Sports,46,37988.54,36,1,13,0.394,1,0.316,6,77.65,499.08,5,0
CUST100758,Male,South,Social Media,Groceries,42,40780.35,17,0,10,0.536,0,0.156,4,89.1,343.89,45,1
CUST100759,Male,South,Search,Groceries,29,90537.28,11,0,10,0.337,1,0.164,6,83.35,464.69,82,1
CUST100760,Female,South,Organic,Sports,49,100543.86,6,1,14,0.413,0,0.349,8,102.71,816.2,24,1
CUST100761,Female,South,Organic,Home & Living,33,49765.74,63,0,6,0.185,1,0.353,3,69.25,214.02,77,0
CUST100762,Male,South,Social Media,Home & Living,42,56073.0,38,1,7,0.659,0,0.417,2,106.24,199.63,94,1
CUST100763,Male,South,Social Media,Groceries,73,37614.71,43,1,10,0.302,2,0.644,9,123.75,1147.84,91,1
CUST100764,Female,South,Search,Home & Living,39,90007.33,34,0,6,0.221,1,0.402,9,98.11,823.43,19,1
CUST100765,Male,North,Referral,Electronics,55,72733.95,9,0,8,0.392,5,0.2,1,75.35,26.07,54,0
CUST100766,Male,West,Organic,Fashion,31,124293.35,60,1,14,0.525,0,0.238,5,125.55,637.47,1,0
CUST100767,Female,North,Other,Electronics,40,38032.36,23,0,5,0.277,1,0.471,4,104.88,390.89,93,0
CUST100768,Female,North,Social Media,Fashion,63,46925.9,6,0,6,0.173,0,0.331,8,102.86,815.34,166,0
CUST100769,Male,East,Referral,Sports,32,60614.88,26,0,8,0.229,2,0.346,3,59.32,121.05,52,0
CUST100770,Male,West,Social Media,Home & Living,64,72158.05,56,0,6,0.302,4,0.229,2,85.27,156.51,102,0
CUST100771,Male,West,Social Media,Sports,49,50237.05,17,0,1,0.393,3,0.408,0,70.17,0.0,71,1
CUST100772,Male,South,Referral,Beauty,33,38118.11,24,0,5,0.202,2,0.366,4,77.65,282.15,62,0
CUST100773,Female,North,Referral,Groceries,48,79640.63,23,1,11,0.883,0,0.145,7,113.21,809.97,1,1
CUST100774,Male,East,Organic,Beauty,53,74456.13,16,1,13,0.695,1,0.123,8,122.38,931.5,130,1
CUST100775,Female,East,Organic,Groceries,48,37430.96,31,1,5,0.361,1,0.432,3,95.32,350.28,81,0
CUST100776,Female,South,Social Media,Sports,20,97185.27,18,0,3,0.165,3,0.323,2,121.28,255.41,63,0
CUST100777,Male,West,Organic,Beauty,31,89910.67,62,0,7,0.146,2,0.213,3,127.5,353.04,75,0
CUST100778,Male,North,Social Media,Beauty,37,58191.41,10,1,2,0.679,2,0.431,4,118.45,338.12,46,0
CUST100779,Female,West,Other,Groceries,39,56869.79,13,1,7,0.533,2,0.144,9,80.52,813.25,24,1
CUST100780,Female,West,Organic,Home & Living,48,69410.45,24,1,3,0.152,3,0.089,7,111.85,807.3,129,1
CUST100781,Female,East,Referral,Fashion,42,38298.77,29,1,13,0.53,3,0.063,4,96.8,436.66,16,1
CUST100782,Male,West,Social Media,Groceries,23,55698.12,19,1,6,0.282,3,0.271,5,122.34,641.15,73,0
CUST100783,Female,East,Social Media,Sports,45,22272.04,45,0,12,0.19,1,0.639,4,130.52,562.71,4,1
CUST100784,Female,North,Social Media,Groceries,48,79475.16,26,1,12,0.506,4,0.13,9,96.06,876.96,49,1
CUST100785,Female,South,Referral,Home & Living,47,28545.69,39,1,7,0.343,2,0.337,4,89.02,373.53,204,0
CUST100786,Male,North,Referral,Fashion,54,103417.02,59,1,5,0.646,6,0.202,5,115.36,585.31,10,1
CUST100787,Female,South,Search,Fashion,51,47879.28,70,1,8,0.568,2,0.181,7,114.96,842.4,28,1
CUST100788,Female,East,Other,Home & Living,46,50321.53,25,1,8,0.427,2,0.456,4,90.83,402.85,63,1
CUST100789,Male,South,Referral,Groceries,39,42253.41,31,0,8,0.105,1,0.334,5,92.99,482.51,50,1
CUST100790,Male,South,Other,Groceries,18,48733.02,3,1,6,0.36,2,0.199,4,86.28,385.74,5,1
CUST100791,Male,East,Organic,Fashion,46,99794.83,35,1,11,0.259,3,0.037,4,83.31,376.92,78,0
CUST100792,Male,West,Other,Fashion,43,19345.38,25,1,10,0.326,6,0.229,7,81.27,543.3,297,0
CUST100793,Male,North,Search,Beauty,44,94034.21,16,1,8,0.541,0,0.099,2,111.88,196.53,6,0
CUST100794,Female,South,Referral,Electronics,23,63389.81,51,0,5,0.326,0,0.118,4,89.06,394.57,135,0
CUST100795,Male,North,Search,Home & Living,26,33128.17,16,1,8,0.32,0,0.16,2,101.13,171.69,97,0
CUST100796,Male,East,Organic,Sports,54,35012.39,54,1,6,0.313,2,0.176,8,82.78,681.78,1,1
CUST100797,Female,North,Organic,Fashion,39,111209.77,38,1,9,0.222,1,0.544,5,94.25,428.55,65,1
CUST100798,Male,East,Organic,Beauty,49,36974.2,34,0,7,0.207,0,0.311,5,107.42,526.96,142,1
CUST100799,Male,South,Organic,Beauty,40,33883.43,19,1,10,0.43,2,0.302,8,78.27,509.55,1,1
CUST100800,Female,North,Referral,Fashion,40,88677.42,8,0,13,0.459,1,0.585,7,101.19,681.73,18,1
CUST100801,Female,West,Social Media,Fashion,52,63403.9,51,1,8,0.278,2,0.418,5,101.1,512.64,69,0
CUST100802,Female,North,Search,Groceries,33,37092.12,18,0,10,0.444,4,0.287,14,50.55,673.61,53,1
CUST100803,Female,South,Organic,Beauty,41,60238.74,39,1,10,0.369,2,0.502,3,122.45,290.62,111,0
CUST100804,Male,North,Social Media,Beauty,34,35748.81,40,0,6,0.549,2,0.428,3,83.15,214.21,20,1
CUST100805,Female,South,Search,Groceries,34,87328.61,29,0,7,0.404,1,0.481,2,107.02,200.25,50,0
CUST100806,Male,East,Other,Sports,36,85893.57,34,1,9,0.401,2,0.305,3,126.7,402.86,105,0
CUST100807,Female,South,Search,Sports,43,68770.56,38,0,8,0.397,1,0.318,7,89.3,623.05,47,0
CUST100808,Male,North,Organic,Beauty,34,64022.26,33,1,6,0.512,1,0.198,5,106.62,490.71,56,0
CUST100809,Female,South,Referral,Sports,56,115241.76,17,1,4,0.374,1,0.347,4,122.48,538.68,1,1
CUST100810,Female,East,Search,Fashion,28,54992.75,11,1,11,0.719,1,0.242,7,105.6,817.27,1,1
CUST100811,Female,West,Organic,Home & Living,38,33479.93,19,0,10,0.172,1,0.209,3,71.7,181.78,86,1
CUST100812,Male,East,Organic,Beauty,34,66427.57,23,1,11,0.436,6,0.473,9,125.25,1208.29,95,1
CUST100813,Male,East,Organic,Sports,59,132088.6,61,0,7,0.415,1,0.304,8,97.7,769.7,93,1
CUST100814,Female,North,Organic,Groceries,43,35914.25,14,1,11,0.516,0,0.681,5,113.31,587.53,99,0
CUST100815,Female,South,Referral,Fashion,53,47253.13,66,1,11,0.205,1,0.18,14,121.27,1756.75,45,1
CUST100816,Male,North,Search,Groceries,21,65512.47,72,0,10,0.714,1,0.084,6,90.99,602.23,152,0
CUST100817,Female,South,Organic,Fashion,43,53768.79,20,0,4,0.189,3,0.443,2,85.47,156.86,32,0
CUST100818,Female,North,Search,Beauty,52,36407.17,72,0,3,0.446,2,0.334,6,107.58,702.39,3,0
CUST100819,Male,East,Search,Groceries,41,88103.61,27,1,8,0.439,2,0.314,7,123.17,886.27,28,1
CUST100820,Female,East,Referral,Sports,54,145729.23,24,0,7,0.467,4,0.091,1,106.67,100.57,156,0
CUST100821,Female,West,Organic,Beauty,33,59722.47,61,1,8,0.362,0,0.027,13,104.23,1322.95,61,1
CUST100822,Male,North,Organic,Beauty,58,37623.34,33,1,3,0.192,1,0.191,8,88.33,698.03,32,1
CUST100823,Male,East,Referral,Fashion,70,28696.35,30,1,14,0.566,1,0.277,3,100.38,334.54,46,1
CUST100824,Female,West,Organic,Home & Living,35,61294.07,19,1,8,0.406,1,0.534,5,106.14,513.52,72,1
CUST100825,Female,East,Referral,Sports,34,87440.77,20,0,8,0.357,4,0.09,5,81.77,421.21,41,1
CUST100826,Male,South,Search,Sports,59,67148.3,31,1,13,0.117,2,0.351,7,77.99,522.83,71,1
CUST100827,Female,South,Search,Fashion,61,54944.5,61,1,1,0.711,2,0.109,5,89.11,486.2,168,0
CUST100828,Female,North,Organic,Groceries,33,42941.52,14,1,7,0.196,0,0.293,5,110.85,515.61,150,1
CUST100829,Female,South,Referral,Electronics,35,34765.46,28,0,6,0.212,0,0.705,8,80.3,744.13,122,0
CUST100830,Male,East,Search,Groceries,36,78095.21,12,0,6,0.355,1,0.254,3,116.36,359.92,194,1
CUST100831,Female,North,Social Media,Electronics,23,80730.57,19,0,6,0.395,2,0.113,3,122.85,338.75,15,0
CUST100832,Male,North,Social Media,Groceries,28,28735.31,42,0,12,0.483,0,0.148,5,76.56,359.74,73,1
CUST100833,Male,East,Search,Beauty,27,107239.6,17,0,9,0.167,1,0.281,2,110.19,174.58,26,0
CUST100834,Male,West,Referral,Groceries,30,69996.35,53,0,10,0.71,6,0.16,3,104.27,359.46,43,0
CUST100835,Male,South,Referral,Groceries,40,99004.27,16,1,9,0.332,0,0.473,5,73.12,380.18,181,1
CUST100836,Female,East,Social Media,Home & Living,43,31300.67,21,0,3,0.44,0,0.383,7,67.21,485.19,130,1
CUST100837,Male,South,Organic,Electronics,60,30990.7,8,1,2,0.311,0,0.624,2,90.16,199.34,13,0
CUST100838,Female,North,Other,Sports,27,51664.25,53,0,2,0.587,2,0.213,4,101.62,374.24,194,0
CUST100839,Male,South,Search,Electronics,53,67931.69,48,1,10,0.281,3,0.421,8,75.91,594.21,94,1
CUST100840,Male,East,Search,Electronics,37,116956.81,12,1,9,0.337,1,0.211,4,128.84,432.63,123,0
CUST100841,Other,West,Organic,Fashion,39,73986.77,24,1,8,0.55,5,0.277,7,91.28,726.61,42,1
CUST100842,Female,North,Search,Sports,49,49670.29,23,1,8,0.606,1,0.062,6,104.53,566.07,73,1
CUST100843,Male,East,Search,Groceries,25,35739.56,22,0,13,0.438,2,0.179,4,69.04,249.63,4,1
CUST100844,Female,South,Organic,Home & Living,45,92197.54,72,1,6,0.38,0,0.507,7,103.86,717.52,37,0
CUST100845,Male,East,Organic,Groceries,42,36677.26,22,0,10,0.325,0,0.272,6,71.62,440.51,149,0
CUST100846,Male,North,Social Media,Electronics,46,108993.69,17,0,7,0.507,2,0.521,5,100.03,504.2,36,0
CUST100847,Female,South,Search,Sports,44,48807.87,9,0,7,0.559,1,0.551,5,107.08,556.72,30,1
CUST100848,Female,West,Referral,Electronics,72,107273.07,18,1,13,0.325,0,0.44,5,101.98,600.27,68,1
CUST100849,Male,East,Organic,Sports,32,73147.97,61,0,12,0.093,1,0.627,9,65.61,608.56,57,1
CUST100850,Female,South,Social Media,Electronics,33,51924.73,33,1,8,0.203,2,0.343,8,70.09,512.15,30,0
CUST100851,Female,South,Social Media,Fashion,32,44220.42,33,0,10,0.523,0,0.245,9,71.01,708.75,33,1
CUST100852,Male,South,Search,Sports,33,47662.83,18,1,10,0.407,1,0.249,3,87.75,328.41,37,1
CUST100853,Female,South,Search,Home & Living,32,65839.91,56,1,9,0.309,3,0.349,8,99.13,807.44,1,0
CUST100854,Female,West,Referral,Fashion,55,56811.51,40,0,8,0.218,3,0.44,5,88.54,468.82,21,0
CUST100855,Female,West,Search,Sports,58,42859.72,22,0,5,0.632,1,0.294,9,75.13,645.35,115,0
CUST100856,Male,South,Organic,Fashion,33,51303.96,15,1,8,0.587,0,0.311,7,126.51,932.36,71,1
CUST100857,Female,South,Other,Sports,29,56845.41,28,0,5,0.354,1,0.365,6,95.01,531.6,64,1
CUST100858,Male,West,Search,Beauty,46,22494.37,16,0,10,0.466,2,0.466,2,62.57,95.02,14,0
CUST100859,Female,South,Referral,Fashion,33,66670.58,26,1,8,0.47,0,0.161,7,96.38,706.88,59,0
CUST100860,Female,East,Referral,Fashion,48,36446.68,31,0,3,0.255,2,0.107,6,101.14,652.0,85,1
CUST100861,Male,North,Social Media,Electronics,43,33883.68,19,0,5,0.403,2,0.47,3,69.71,168.51,40,0
CUST100862,Female,East,Organic,Groceries,20,27076.02,5,0,0,0.3,1,0.156,5,67.46,319.43,14,0
CUST100863,Female,East,Referral,Fashion,60,25891.08,37,0,5,0.558,1,0.101,3,73.27,203.86,79,1
CUST100864,Female,West,Search,Beauty,63,31126.05,19,0,7,0.38,2,0.223,5,104.19,568.74,31,1
CUST100865,Male,West,Referral,Home & Living,32,40835.2,31,0,7,0.418,0,0.235,8,86.85,678.49,58,0
CUST100866,Male,North,Social Media,Electronics,35,124923.56,27,0,13,0.307,1,0.569,11,97.65,1059.92,32,0
CUST100867,Female,East,Organic,Groceries,44,44100.17,70,0,9,0.367,6,0.435,5,121.97,670.1,5,0
CUST100868,Male,West,Social Media,Beauty,44,59263.18,29,1,10,0.521,4,0.536,7,78.84,487.93,1,1
CUST100869,Female,South,Organic,Home & Living,49,65074.67,48,1,4,0.467,2,0.285,7,99.67,670.04,92,0
CUST100870,Male,North,Organic,Groceries,66,58112.49,23,1,8,0.573,0,0.255,4,123.5,381.23,51,1
CUST100871,Male,North,Social Media,Groceries,38,53239.84,16,0,5,0.452,3,0.26,3,83.01,146.9,141,0
CUST100872,Male,South,Search,Groceries,30,33291.76,38,0,4,0.388,4,0.158,3,70.28,183.21,135,0
CUST100873,Male,South,Referral,Fashion,22,101161.96,18,1,6,0.395,2,0.164,2,113.77,149.44,8,1
CUST100874,Female,East,Organic,Electronics,30,117490.3,43,1,3,0.454,1,0.265,2,116.6,177.57,23,1
CUST100875,Male,North,Search,Groceries,40,27129.36,13,0,3,0.437,1,0.4,4,61.63,153.91,58,0
CUST100876,Male,West,Search,Electronics,63,35774.71,35,0,10,0.186,1,0.491,3,98.04,279.56,1,0
CUST100877,Male,South,Other,Groceries,33,48901.73,29,0,7,0.268,0,0.489,5,67.57,367.86,31,0
CUST100878,Female,North,Other,Fashion,43,36679.84,63,1,7,0.17,0,0.251,11,63.69,698.07,167,1
CUST100879,Male,South,Search,Groceries,40,68022.51,37,0,7,0.406,1,0.1,8,94.61,798.75,123,1
CUST100880,Female,South,Referral,Electronics,55,40506.35,27,1,13,0.336,4,0.559,7,77.6,484.26,87,0
CUST100881,Female,North,Search,Home & Living,73,136545.34,45,1,9,0.267,7,0.172,7,132.08,1003.13,175,0
CUST100882,Female,South,Search,Home & Living,33,90682.43,5,1,11,0.369,0,0.325,4,112.41,445.22,1,1
CUST100883,Female,North,Organic,Fashion,34,60136.34,40,1,6,0.187,4,0.146,1,98.46,42.88,99,1
CUST100884,Female,East,Referral,Fashion,54,84662.05,42,0,5,0.143,6,0.49,2,157.01,309.48,111,0
CUST100885,Female,West,Organic,Beauty,49,87515.1,44,1,10,0.306,4,0.267,5,134.91,691.47,54,1
CUST100886,Male,South,Organic,Electronics,64,43400.69,43,1,15,0.262,1,0.35,7,106.96,784.57,1,1
CUST100887,Male,East,Organic,Fashion,48,39037.47,39,1,13,0.457,3,0.319,6,100.39,659.74,228,1
CUST100888,Male,East,Search,Fashion,35,56835.05,24,1,11,0.074,0,0.077,11,109.09,1204.47,112,1
CUST100889,Female,North,Social Media,Home & Living,48,78982.03,32,1,9,0.606,0,0.02,5,105.55,524.79,165,1
CUST100890,Other,West,Search,Home & Living,54,58307.96,20,0,11,0.66,3,0.408,5,90.23,466.72,92,1
CUST100891,Female,West,Referral,Beauty,51,28360.42,17,0,10,0.201,1,0.215,8,79.71,694.59,18,0
CUST100892,Male,North,Organic,Groceries,47,39257.67,24,1,1,0.195,3,0.432,3,82.98,215.96,15,1
CUST100893,Female,North,Search,Home & Living,54,53317.5,26,0,4,0.61,0,0.236,6,126.64,721.65,144,0
CUST100894,Male,North,Organic,Home & Living,55,53279.61,36,0,8,0.152,4,0.138,5,72.28,357.21,25,0
CUST100895,Male,North,Search,Home & Living,58,125939.41,58,0,1,0.317,1,0.466,5,134.01,720.36,75,1
CUST100896,Male,East,Other,Electronics,48,30729.35,48,1,6,0.575,4,0.776,8,103.49,804.19,29,1
CUST100897,Male,South,Organic,Electronics,38,68011.76,34,0,5,0.128,2,0.287,1,103.94,137.13,101,0
CUST100898,Female,West,Organic,Beauty,42,102797.46,54,1,8,0.241,5,0.437,4,113.72,473.79,44,1
CUST100899,Male,East,Referral,Groceries,56,142785.3,29,0,6,0.418,3,0.233,4,106.13,405.04,247,0
CUST100900,Male,East,Other,Electronics,29,46408.67,39,0,6,0.517,3,0.401,7,89.93,602.63,264,0
CUST100901,Female,East,Social Media,Electronics,45,67608.49,24,0,10,0.448,5,0.191,7,101.34,724.91,80,0
CUST100902,Female,North,Social Media,Home & Living,35,69869.73,29,0,6,0.181,1,0.28,7,134.05,885.83,20,1
CUST100903,Female,South,Referral,Home & Living,40,59706.18,25,1,8,0.667,3,0.228,6,109.06,715.29,12,0
CUST100904,Male,East,Other,Fashion,57,52763.42,10,1,4,0.567,0,0.318,6,104.4,694.51,22,1
CUST100905,Female,North,Organic,Home & Living,42,66052.04,10,1,12,0.306,6,0.311,3,100.43,293.94,1,1
CUST100906,Female,North,Organic,Beauty,41,18987.67,12,0,5,0.372,4,0.157,4,68.31,360.9,74,1
CUST100907,Male,West,Social Media,Sports,22,73244.44,35,0,4,0.287,3,0.336,7,94.37,671.54,18,1
CUST100908,Female,East,Other,Groceries,50,57993.32,58,0,8,0.575,1,0.201,5,102.45,489.59,51,0
CUST100909,Male,South,Organic,Electronics,48,50093.62,54,0,5,0.419,1,0.193,6,74.39,429.09,68,0
CUST100910,Male,East,Organic,Groceries,68,129932.53,10,0,5,0.162,2,0.308,4,112.49,441.06,53,1
CUST100911,Female,West,Organic,Groceries,36,41424.02,39,1,10,0.212,0,0.175,6,74.13,420.84,267,0
CUST100912,Female,South,Organic,Groceries,43,46434.43,21,0,6,0.207,0,0.477,2,94.2,151.24,67,1
CUST100913,Male,North,Organic,Electronics,43,126949.02,17,0,14,0.139,1,0.033,9,133.85,1253.72,44,1
CUST100914,Female,West,Other,Home & Living,61,38778.56,31,1,9,0.341,1,0.259,3,46.53,130.41,123,1
CUST100915,Female,South,Search,Fashion,39,43653.56,21,0,9,0.386,1,0.363,9,77.61,613.83,72,0
CUST100916,Female,North,Social Media,Fashion,44,51706.45,11,1,3,0.435,1,0.442,5,127.83,749.39,142,1
CUST100917,Male,South,Social Media,Groceries,48,78291.71,15,1,6,0.5,1,0.296,8,119.24,983.27,33,1
CUST100918,Female,West,Search,Groceries,42,60015.94,24,0,4,0.208,1,0.471,3,96.94,206.6,103,0
CUST100919,Male,North,Social Media,Groceries,34,31958.26,57,0,4,0.452,1,0.115,4,56.62,161.08,82,1
CUST100920,Female,South,Search,Sports,43,43983.84,9,1,10,0.491,0,0.236,5,108.34,466.82,27,1
CUST100921,Male,South,Referral,Groceries,54,42616.62,13,0,10,0.621,0,0.249,3,85.61,261.65,23,0
CUST100922,Male,West,Search,Beauty,27,53244.81,25,0,8,0.053,1,0.272,2,97.49,215.16,86,0
CUST100923,Female,North,Search,Sports,42,65771.56,18,1,8,0.234,2,0.399,2,140.38,292.08,213,0
CUST100924,Male,East,Social Media,Electronics,31,65560.91,37,0,5,0.46,2,0.05,4,65.46,239.39,207,0
CUST100925,Male,West,Other,Beauty,56,26086.25,25,0,11,0.192,0,0.48,7,107.55,725.73,131,0
CUST100926,Male,North,Referral,Home & Living,20,85986.34,11,1,15,0.222,1,0.405,7,96.16,680.62,100,0
CUST100927,Female,West,Social Media,Electronics,33,61155.03,21,1,9,0.425,1,0.103,6,118.37,682.21,52,0
CUST100928,Male,West,Organic,Groceries,45,98379.91,32,0,10,0.444,2,0.068,6,93.31,561.78,17,0
CUST100929,Female,West,Social Media,Home & Living,60,66280.55,42,0,8,0.193,0,0.688,9,78.8,744.34,3,0
CUST100930,Male,North,Referral,Fashion,39,87347.01,13,0,9,0.131,0,0.426,6,112.11,644.19,86,0
CUST100931,Male,East,Organic,Groceries,33,66905.57,33,0,3,0.299,6,0.153,5,59.97,361.89,221,0
CUST100932,Male,West,Referral,Home & Living,64,96809.78,24,1,7,0.088,3,0.226,7,102.28,654.81,63,0
CUST100933,Male,West,Search,Fashion,21,68489.36,53,1,10,0.123,3,0.135,5,81.65,388.05,128,1
CUST100934,Male,North,Organic,Electronics,18,52784.04,21,1,13,0.387,0,0.391,6,76.95,461.88,62,1
CUST100935,Male,West,Other,Home & Living,46,142844.38,11,0,4,0.489,2,0.568,3,130.84,332.33,71,1
CUST100936,Female,South,Organic,Home & Living,33,79896.24,19,0,0,0.499,1,0.468,4,103.82,422.42,43,1
CUST100937,Female,North,Other,Groceries,27,69986.74,7,0,5,0.394,0,0.228,5,87.37,455.67,37,0
CUST100938,Male,South,Social Media,Groceries,49,32178.08,8,0,10,0.204,0,0.437,3,67.65,145.92,57,0
CUST100939,Male,West,Referral,Sports,43,32016.26,9,0,2,0.336,0,0.388,6,76.93,430.14,53,0
CUST100940,Female,South,Referral,Sports,33,62194.94,37,0,3,0.387,1,0.517,4,64.81,229.17,132,0
CUST100941,Male,East,Social Media,Fashion,23,58466.39,35,0,7,0.164,0,0.333,5,60.9,234.2,138,0
CUST100942,Male,West,Search,Electronics,51,42495.65,38,1,8,0.277,1,0.401,5,80.26,412.18,85,0
CUST100943,Female,South,Search,Groceries,48,58355.05,20,1,11,0.153,2,0.365,2,71.74,133.74,212,0
CUST100944,Female,East,Referral,Home & Living,39,107185.02,16,1,5,0.428,0,0.238,4,115.12,419.13,145,0
CUST100945,Female,South,Search,Home & Living,64,73655.75,72,0,6,0.109,2,0.37,5,109.8,535.83,71,0
CUST100946,Male,South,Other,Home & Living,26,34059.52,31,1,13,0.222,2,0.602,4,83.95,334.49,25,1
CUST100947,Male,East,Organic,Home & Living,20,52483.53,14,1,5,0.54,5,0.211,9,68.7,517.12,85,1
CUST100948,Female,West,Referral,Beauty,31,39222.37,62,0,12,0.399,1,0.5,4,70.52,279.49,176,0
CUST100949,Male,East,Referral,Groceries,39,46735.27,57,1,5,0.702,2,0.072,3,107.99,288.93,12,1
CUST100950,Female,West,Social Media,Sports,43,46229.34,40,1,12,0.466,1,0.63,9,113.33,941.95,147,1
CUST100951,Female,North,Social Media,Sports,37,45002.68,26,0,6,0.468,0,0.264,9,60.55,575.64,29,1
CUST100952,Male,North,Referral,Groceries,45,32465.45,17,0,3,0.111,8,0.356,2,87.89,140.28,51,0
CUST100953,Female,East,Organic,Electronics,24,52128.83,22,0,5,0.454,1,0.248,2,66.73,208.01,136,0
CUST100954,Female,North,Organic,Home & Living,59,43461.61,52,0,9,0.358,4,0.089,4,108.57,436.74,134,1
CUST100955,Female,South,Referral,Groceries,39,18000.0,18,0,7,0.211,2,0.242,2,95.64,191.89,58,0
CUST100956,Male,East,Referral,Fashion,55,130266.38,13,1,12,0.223,1,0.462,7,79.81,582.41,62,1
CUST100957,Male,North,Other,Beauty,44,86887.7,40,1,13,0.31,2,0.526,3,89.76,349.67,196,0
CUST100958,Female,South,Referral,Beauty,46,46959.56,28,0,3,0.21,2,0.537,2,92.73,158.57,215,0
CUST100959,Male,East,Organic,Fashion,47,55436.44,19,1,5,0.206,2,0.462,11,56.31,673.32,60,0
CUST100960,Other,East,Social Media,Sports,46,33623.94,20,1,5,0.582,2,0.559,9,115.01,1017.68,51,1
CUST100961,Male,West,Search,Fashion,48,112116.31,6,0,4,0.253,2,0.217,6,115.59,679.08,44,0
CUST100962,Male,East,Search,Fashion,57,122021.16,21,0,11,0.296,2,0.485,7,86.12,597.4,6,1
CUST100963,Male,South,Organic,Groceries,43,58741.39,50,1,11,0.461,0,0.204,7,114.31,790.72,49,1
CUST100964,Female,West,Referral,Sports,49,84539.26,16,1,7,0.358,1,0.125,2,124.98,236.06,56,1
CUST100965,Male,West,Other,Home & Living,39,59201.9,72,0,7,0.284,1,0.428,2,97.9,129.36,46,1
CUST100966,Male,North,Search,Sports,59,31371.77,28,0,11,0.56,3,0.262,4,90.55,358.99,49,0
CUST100967,Male,North,Referral,Home & Living,31,46264.15,11,0,13,0.497,1,0.55,5,96.16,466.02,3,1
CUST100968,Female,East,Search,Electronics,63,58133.55,1,0,8,0.391,2,0.24,3,72.93,267.43,68,0
CUST100969,Male,East,Other,Electronics,39,45441.38,32,0,0,0.585,2,0.373,2,85.51,167.66,38,0
CUST100970,Female,West,Organic,Groceries,21,50174.09,16,1,10,0.809,2,0.22,4,72.7,211.02,89,0
CUST100971,Female,East,Search,Fashion,42,52928.68,41,0,10,0.537,1,0.247,10,105.52,1036.73,51,1
CUST100972,Male,East,Other,Sports,31,53163.08,54,0,8,0.338,4,0.554,4,81.99,352.57,111,0
CUST100973,Female,West,Organic,Beauty,51,56220.52,45,0,9,0.09,2,0.447,6,47.77,217.98,323,0
CUST100974,Male,East,Social Media,Home & Living,32,35229.33,45,0,8,0.588,1,0.304,5,48.84,150.43,12,0
CUST100975,Female,North,Search,Fashion,34,40698.3,22,1,5,0.209,1,0.601,4,85.44,364.18,10,0
CUST100976,Female,West,Search,Groceries,18,32066.37,16,0,4,0.444,1,0.381,4,60.96,286.23,147,0
CUST100977,Male,South,Referral,Groceries,34,82931.56,38,1,8,0.309,6,0.309,2,91.49,214.62,72,1
CUST100978,Male,West,Referral,Fashion,18,22713.55,17,0,10,0.186,2,0.261,7,53.92,423.33,101,0
CUST100979,Male,West,Search,Beauty,19,89285.68,22,0,5,0.52,3,0.289,3,76.03,182.17,3,1
CUST100980,Other,East,Organic,Groceries,50,98455.03,17,1,10,0.345,1,0.165,5,116.67,594.93,13,0
CUST100981,Male,East,Referral,Groceries,50,48444.43,18,0,8,0.27,2,0.374,8,97.97,800.26,116,1
CUST100982,Female,South,Organic,Fashion,46,18430.66,40,1,14,0.6,4,0.217,4,85.7,394.0,89,0
CUST100983,Male,South,Organic,Electronics,27,47256.15,18,0,7,0.429,2,0.384,4,90.25,405.67,3,0
CUST100984,Female,South,Other,Groceries,39,53537.15,40,1,3,0.367,1,0.101,4,92.62,402.72,82,1
CUST100985,Male,East,Referral,Fashion,40,35977.08,54,1,11,0.198,1,0.181,9,57.77,492.6,15,1
CUST100986,Female,West,Other,Electronics,25,44298.09,20,1,16,0.167,2,0.317,6,111.7,588.12,15,1
CUST100987,Male,East,Organic,Fashion,60,104586.57,14,1,11,0.276,2,0.686,6,140.38,750.0,32,1
CUST100988,Female,North,Search,Fashion,51,72718.99,48,1,6,0.39,2,0.271,4,112.42,473.92,4,0
CUST100989,Male,South,Organic,Groceries,37,37300.86,34,1,5,0.184,0,0.446,5,63.12,353.26,43,0
CUST100990,Male,West,Social Media,Electronics,40,28116.08,17,0,4,0.509,2,0.3,7,48.31,305.32,144,0
CUST100991,Male,South,Social Media,Groceries,43,47941.71,23,1,15,0.413,2,0.41,6,77.29,494.06,16,1
CUST100992,Female,East,Organic,Beauty,18,50283.72,35,0,6,0.444,2,0.344,6,115.83,718.17,63,0
CUST100993,Male,West,Other,Beauty,37,67744.06,10,0,5,0.193,0,0.492,1,94.68,46.16,97,0
CUST100994,Female,East,Organic,Sports,31,43925.73,67,0,6,0.175,3,0.255,6,78.5,521.69,89,1
CUST100995,Male,South,Search,Groceries,27,68180.8,46,1,8,0.381,1,0.284,5,95.88,494.02,27,1
CUST100996,Female,West,Other,Groceries,36,123977.23,28,0,12,0.112,2,0.09,3,100.4,210.21,48,1
CUST100997,Female,North,Social Media,Sports,63,77466.35,65,1,6,0.285,6,0.115,4,104.79,398.51,67,1
CUST100998,Female,West,Other,Groceries,48,53900.3,59,0,11,0.344,1,0.19,4,87.59,395.44,42,0
CUST100999,Male,North,Referral,Beauty,33,50927.85,25,0,7,0.348,1,0.332,5,70.7,319.19,63,0
CUST101000,Male,North,Organic,Groceries,47,47348.28,24,1,13,0.375,2,0.416,15,69.52,1089.75,270,0
CUST101001,Male,West,Organic,Groceries,58,90305.86,25,0,12,0.04,0,0.36,5,103.06,569.55,127,0
CUST101002,Male,South,Search,Sports,52,42260.87,39,0,7,0.3,1,0.26,5,68.97,310.14,200,0
CUST101003,Female,East,Social Media,Electronics,41,56054.63,37,0,6,0.625,3,0.621,5,104.33,474.36,81,0
CUST101004,Female,West,Organic,Fashion,32,56195.48,8,1,9,0.505,4,0.339,1,99.52,128.47,77,0
CUST101005,Female,West,Search,Fashion,49,44548.74,35,0,7,0.13,2,0.734,6,80.94,507.96,34,1
CUST101006,Male,West,Referral,Fashion,45,30904.37,35,0,2,0.695,0,0.074,6,64.16,410.6,167,0
CUST101007,Female,South,Referral,Fashion,52,62990.41,4,1,14,0.321,0,0.134,5,110.31,545.15,1,0
CUST101008,Male,East,Search,Beauty,48,53608.71,25,0,8,0.432,1,0.131,5,98.75,557.99,260,1
CUST101009,Female,North,Referral,Sports,54,67859.15,29,1,5,0.394,7,0.274,5,92.03,500.54,87,0
CUST101010,Male,South,Social Media,Sports,33,43957.4,9,0,0,0.308,4,0.447,10,85.07,830.91,47,0
CUST101011,Male,West,Organic,Fashion,57,91842.77,13,0,0,0.151,0,0.566,1,85.95,117.5,127,0
CUST101012,Male,South,Social Media,Home & Living,43,38057.12,17,1,11,0.187,4,0.212,8,90.03,726.7,7,1
CUST101013,Female,East,Organic,Beauty,67,112887.31,39,1,7,0.249,2,0.043,3,104.54,248.5,56,1
CUST101014,Female,East,Organic,Groceries,31,26398.99,56,1,7,0.256,0,0.469,7,71.19,430.25,27,0
CUST101015,Male,East,Search,Sports,63,66018.61,37,1,10,0.313,1,0.3,5,117.39,585.47,31,1
CUST101016,Male,West,Social Media,Sports,43,67155.72,30,0,5,0.279,1,0.051,5,110.52,527.01,70,0
CUST101017,Female,North,Organic,Sports,32,39377.68,42,0,9,0.343,3,0.068,8,51.73,367.15,159,0
CUST101018,Female,East,Referral,Fashion,34,65731.52,4,0,7,0.257,1,0.53,3,83.74,232.79,64,1
CUST101019,Male,West,Search,Groceries,36,94135.1,53,1,9,0.176,1,0.45,10,117.15,1196.76,2,0
CUST101020,Female,South,Organic,Home & Living,46,21677.38,26,1,4,0.186,1,0.246,5,63.31,330.07,28,1
CUST101021,Other,North,Social Media,Groceries,47,67930.56,50,1,6,0.18,1,0.242,4,91.38,364.85,22,1
CUST101022,Female,East,Social Media,Beauty,33,19301.05,41,0,9,0.199,1,0.226,3,79.83,165.95,265,0
CUST101023,Male,South,Organic,Beauty,40,36662.48,17,0,5,0.568,2,0.453,3,68.13,120.48,34,0
CUST101024,Female,North,Referral,Sports,68,109025.64,33,1,13,0.498,2,0.183,9,94.22,907.91,63,0
CUST101025,Female,West,Social Media,Fashion,62,43076.81,18,1,16,0.35,4,0.482,8,87.55,697.06,40,1
CUST101026,Male,East,Referral,Beauty,46,33592.53,37,1,11,0.522,3,0.216,4,82.46,366.42,29,1
CUST101027,Female,West,Search,Electronics,40,50612.54,71,1,14,0.158,3,0.253,8,118.74,955.81,5,1
CUST101028,Female,West,Organic,Beauty,42,131086.03,37,0,9,0.411,1,0.345,6,153.76,889.02,15,0
CUST101029,Male,East,Search,Sports,48,25483.38,17,0,5,0.187,4,0.311,6,81.97,473.73,109,0
CUST101030,Male,North,Organic,Electronics,27,35367.14,46,0,8,0.14,1,0.142,8,75.84,659.14,148,0
CUST101031,Female,South,Social Media,Beauty,37,103157.25,16,0,13,0.362,2,0.086,5,80.36,428.18,7,1
CUST101032,Female,North,Referral,Groceries,18,120009.17,54,0,5,0.522,2,0.141,2,76.37,117.87,73,1
CUST101033,Male,West,Referral,Electronics,45,52661.89,14,0,4,0.257,2,0.348,4,105.59,462.68,63,0
CUST101034,Female,North,Social Media,Groceries,48,32685.48,51,0,3,0.42,4,0.068,7,51.95,329.4,19,0
CUST101035,Female,South,Organic,Fashion,34,132633.2,21,1,8,0.412,1,0.177,5,129.81,666.89,23,1
CUST101036,Female,East,Referral,Groceries,60,107447.14,39,1,6,0.483,4,0.269,5,158.56,718.79,117,1
CUST101037,Male,South,Referral,Groceries,24,73148.45,46,1,14,0.228,2,0.356,8,76.21,600.96,201,1
CUST101038,Female,North,Referral,Sports,21,39100.07,32,0,8,0.33,2,0.078,3,39.44,129.76,235,0
CUST101039,Male,East,Other,Sports,43,53879.0,22,0,10,0.202,1,0.062,4,93.25,347.53,50,0
CUST101040,Male,North,Social Media,Beauty,54,51417.67,33,0,6,0.194,0,0.077,6,109.64,692.67,87,1
CUST101041,Female,North,Organic,Electronics,62,63199.14,26,1,5,0.203,2,0.186,5,82.8,359.94,51,1
CUST101042,Male,South,Social Media,Home & Living,34,101165.1,29,0,3,0.341,1,0.107,3,116.18,382.43,147,1
CUST101043,Female,East,Search,Beauty,54,79574.07,10,0,4,0.387,1,0.269,5,118.81,608.88,119,0
CUST101044,Male,East,Other,Electronics,39,34982.06,42,1,10,0.198,0,0.389,8,91.87,700.12,105,1
CUST101045,Male,South,Referral,Sports,38,98048.45,32,0,9,0.248,0,0.31,6,91.66,476.16,25,1
CUST101046,Male,East,Search,Fashion,51,62730.56,8,1,11,0.445,7,0.091,8,112.24,969.0,36,1
CUST101047,Other,South,Search,Beauty,48,73398.3,23,0,2,0.277,1,0.574,2,83.3,165.29,135,0
CUST101048,Female,West,Search,Groceries,20,101827.51,6,0,7,0.303,0,0.141,4,94.83,354.74,225,1
CUST101049,Female,North,Referral,Groceries,59,34483.1,29,0,4,0.082,4,0.2,3,75.27,208.16,173,0
CUST101050,Male,East,Organic,Home & Living,58,54178.62,38,1,10,0.401,1,0.435,7,101.52,666.52,6,1
CUST101051,Male,West,Social Media,Groceries,32,43997.04,19,1,10,0.14,0,0.241,5,89.57,477.2,1,0
CUST101052,Other,West,Referral,Electronics,45,28469.47,18,1,5,0.267,5,0.546,3,83.75,257.01,130,0
CUST101053,Male,North,Other,Home & Living,46,63621.49,22,0,10,0.224,5,0.501,6,84.41,443.32,25,1
CUST101054,Male,South,Organic,Home & Living,43,157935.53,18,0,14,0.202,0,0.448,3,131.74,397.56,268,0
CUST101055,Female,East,Search,Beauty,33,25393.69,16,1,11,0.183,3,0.505,6,67.01,342.82,117,0
CUST101056,Male,North,Other,Groceries,31,54259.35,7,1,8,0.506,3,0.307,8,75.14,636.73,93,1
CUST101057,Female,West,Search,Electronics,40,71978.05,18,1,8,0.111,1,0.491,10,118.64,1152.05,39,1
CUST101058,Female,East,Social Media,Sports,55,57917.87,10,0,6,0.254,1,0.177,4,105.75,475.41,97,0
CUST101059,Male,East,Social Media,Electronics,47,52447.85,53,0,5,0.146,1,0.29,5,72.65,429.59,33,0
CUST101060,Male,North,Referral,Electronics,35,31869.91,58,0,8,0.493,5,0.195,4,61.32,227.8,76,1
CUST101061,Male,East,Search,Groceries,50,60649.03,37,1,5,0.203,2,0.586,8,84.16,638.43,143,0
CUST101062,Female,East,Organic,Electronics,18,40024.52,52,1,3,0.313,0,0.634,7,48.28,271.37,45,1
CUST101063,Female,West,Search,Electronics,55,21923.65,17,0,8,0.188,1,0.156,3,93.43,194.52,62,0
CUST101064,Male,North,Organic,Groceries,18,90836.57,38,0,7,0.361,1,0.456,4,97.79,323.64,2,0
CUST101065,Male,North,Social Media,Electronics,35,82257.55,38,0,5,0.435,0,0.149,3,76.39,204.82,72,1
CUST101066,Female,South,Search,Electronics,25,56206.41,33,0,3,0.311,1,0.295,4,93.66,266.54,92,1
CUST101067,Female,North,Referral,Electronics,23,60554.55,22,1,10,0.164,0,0.671,7,105.86,774.21,110,1
CUST101068,Male,East,Organic,Fashion,55,86361.91,28,0,4,0.638,1,0.133,8,98.07,805.97,204,0
CUST101069,Male,West,Other,Sports,34,60434.24,33,1,8,0.412,0,0.178,7,100.79,727.05,41,1
CUST101070,Male,South,Organic,Sports,45,80400.51,32,1,14,0.448,2,0.436,2,110.15,273.02,1,1
CUST101071,Female,West,Organic,Groceries,39,48540.12,15,1,11,0.441,4,0.528,9,89.48,752.87,42,1
CUST101072,Other,North,Organic,Groceries,46,95427.46,56,1,4,0.258,1,0.657,6,108.43,600.76,123,1
CUST101073,Male,North,Other,Electronics,41,62932.53,29,1,5,0.111,2,0.148,8,101.86,865.7,1,0
CUST101074,Female,North,Other,Electronics,23,59670.34,43,1,9,0.439,1,0.639,6,93.36,534.7,8,1
CUST101075,Male,South,Search,Fashion,53,32262.56,20,0,3,0.396,0,0.434,3,71.61,232.5,33,1
CUST101076,Male,West,Social Media,Groceries,34,62044.67,37,1,2,0.457,1,0.194,2,83.29,69.69,28,0
CUST101077,Male,North,Organic,Sports,20,38780.29,31,1,11,0.31,0,0.164,11,110.32,1261.74,21,1
CUST101078,Female,East,Other,Beauty,34,42066.62,16,0,8,0.672,0,0.289,8,71.45,587.51,37,1
CUST101079,Male,South,Organic,Groceries,60,39051.27,28,1,10,0.183,2,0.279,2,68.61,69.57,82,0
CUST101080,Female,West,Organic,Electronics,51,35146.13,24,1,10,0.15,1,0.259,2,109.27,284.58,108,0
CUST101081,Male,North,Organic,Sports,35,134254.49,25,1,9,0.501,0,0.209,5,117.97,596.79,202,0
CUST101082,Male,North,Search,Fashion,35,96206.37,47,0,5,0.561,2,0.144,7,96.08,759.53,106,0
CUST101083,Male,North,Social Media,Sports,36,123209.67,27,1,10,0.171,2,0.15,7,114.11,705.96,1,1
CUST101084,Female,South,Referral,Groceries,67,32908.05,46,0,12,0.417,5,0.233,2,105.87,227.73,48,1
CUST101085,Male,South,Other,Sports,45,56670.84,39,1,7,0.433,1,0.296,7,76.57,508.63,106,1
CUST101086,Female,West,Referral,Home & Living,46,31946.42,30,0,4,0.349,2,0.343,6,97.44,571.13,58,1
CUST101087,Male,East,Organic,Home & Living,53,41064.39,49,1,5,0.582,2,0.252,2,96.6,199.89,9,1
CUST101088,Male,East,Referral,Groceries,43,37401.84,47,0,4,0.096,1,0.183,5,95.39,395.89,159,0
CUST101089,Male,East,Search,Groceries,37,92569.38,30,0,8,0.225,0,0.22,5,88.47,537.22,82,0
CUST101090,Male,North,Social Media,Fashion,37,46568.14,32,0,0,0.142,2,0.089,5,128.84,722.17,159,0
CUST101091,Male,South,Referral,Home & Living,39,86146.77,49,0,8,0.39,1,0.318,8,92.9,753.32,100,0
CUST101092,Male,West,Search,Groceries,40,70885.36,40,1,11,0.365,3,0.17,3,96.7,230.8,89,0
CUST101093,Female,West,Organic,Electronics,49,144728.77,56,1,3,0.501,0,0.1,3,109.52,315.6,59,1
CUST101094,Female,West,Search,Groceries,41,29546.54,26,0,4,0.02,0,0.493,4,73.29,303.64,52,1
CUST101095,Male,West,Other,Electronics,50,93336.49,14,0,7,0.153,0,0.333,1,84.7,53.96,26,1
CUST101096,Male,North,Organic,Groceries,39,89017.98,18,0,7,0.568,5,0.371,4,134.87,578.18,96,0
CUST101097,Male,North,Social Media,Beauty,41,36543.89,8,1,10,0.427,0,0.352,6,53.67,328.72,18,1
CUST101098,Male,North,Search,Fashion,18,83959.05,18,0,7,0.195,2,0.625,3,47.11,138.04,18,1
CUST101099,Male,South,Organic,Electronics,52,63339.81,40,0,11,0.225,1,0.308,8,80.11,675.99,5,1
CUST101100,Female,North,Other,Home & Living,45,49988.51,26,0,6,0.663,2,0.096,5,90.35,374.18,109,1
CUST101101,Male,South,Search,Sports,53,38911.13,16,0,4,0.318,1,0.347,3,106.28,283.2,17,1
CUST101102,Male,East,Referral,Sports,18,40662.54,20,0,4,0.282,2,0.063,3,76.18,223.48,118,0
CUST101103,Male,West,Organic,Fashion,67,130093.61,33,0,9,0.546,1,0.332,5,111.3,522.77,125,0
CUST101104,Male,East,Organic,Sports,38,55015.78,21,1,9,0.261,3,0.178,7,91.88,579.33,85,0
CUST101105,Female,West,Social Media,Groceries,54,76388.17,25,1,11,0.387,2,0.21,7,117.14,767.47,1,1
CUST101106,Male,North,Search,Fashion,26,39454.79,10,0,9,0.315,0,0.251,6,54.25,325.28,116,0
CUST101107,Male,North,Other,Electronics,48,39638.27,52,1,2,0.461,4,0.439,7,106.61,757.99,69,1
CUST101108,Female,East,Organic,Fashion,26,86640.45,57,0,3,0.688,1,0.179,4,58.29,336.73,43,0
CUST101109,Male,South,Organic,Electronics,32,31202.9,17,1,6,0.13,6,0.138,5,77.51,436.13,20,0
CUST101110,Female,South,Organic,Home & Living,65,46198.32,23,0,4,0.358,1,0.536,1,85.64,35.97,61,0
CUST101111,Female,South,Search,Electronics,38,55791.68,7,1,7,0.278,2,0.331,12,66.34,851.72,108,1
CUST101112,Male,South,Other,Groceries,43,57633.83,50,1,12,0.429,1,0.252,5,94.54,475.0,58,1
CUST101113,Female,East,Search,Groceries,51,51014.71,12,0,11,0.547,4,0.315,5,77.72,381.89,105,0
CUST101114,Male,South,Referral,Fashion,46,64947.39,28,1,8,0.488,2,0.228,9,101.6,883.8,32,0
CUST101115,Female,East,Social Media,Beauty,42,73577.01,15,0,6,0.175,0,0.128,2,96.44,121.42,54,1
CUST101116,Male,East,Social Media,Electronics,45,74879.56,28,1,7,0.387,2,0.314,4,107.15,429.01,18,1
CUST101117,Male,South,Organic,Sports,71,36353.69,45,0,7,0.126,0,0.204,7,76.34,476.33,41,0
CUST101118,Female,South,Social Media,Fashion,39,48812.58,39,0,8,0.097,1,0.472,6,84.57,494.24,128,0
CUST101119,Female,North,Referral,Beauty,43,90843.08,40,1,11,0.17,1,0.183,5,127.35,688.89,28,1
CUST101120,Other,South,Organic,Sports,54,80084.71,11,0,10,0.482,4,0.173,5,110.87,600.68,51,0
CUST101121,Female,East,Organic,Home & Living,54,30899.26,27,0,0,0.308,5,0.106,4,84.77,328.08,91,0
CUST101122,Male,West,Referral,Sports,55,63749.08,72,0,7,0.54,2,0.721,3,73.67,266.04,55,0
CUST101123,Male,East,Referral,Beauty,48,23962.22,32,1,13,0.368,0,0.297,8,36.73,306.01,190,0
CUST101124,Male,North,Referral,Groceries,25,56094.95,29,0,6,0.558,1,0.191,6,45.11,338.2,44,0
CUST101125,Male,East,Organic,Groceries,61,122045.67,24,0,11,0.161,2,0.172,6,124.48,693.71,25,0
CUST101126,Male,East,Social Media,Sports,25,36937.17,31,1,8,0.532,1,0.041,5,67.73,333.09,65,0
CUST101127,Female,South,Other,Home & Living,44,38741.74,28,0,8,0.519,1,0.473,2,56.52,91.27,126,1
CUST101128,Male,East,Social Media,Electronics,30,75809.66,69,0,3,0.336,1,0.57,2,77.25,172.7,58,1
CUST101129,Male,South,Referral,Groceries,39,28770.67,43,0,3,0.131,2,0.47,3,72.37,232.58,68,0
CUST101130,Male,East,Organic,Sports,44,42164.39,26,0,9,0.177,0,0.116,7,82.27,575.4,1,1
CUST101131,Female,East,Organic,Groceries,44,70657.09,42,0,10,0.224,4,0.184,6,77.53,565.88,19,0
CUST101132,Female,North,Organic,Fashion,45,42137.29,18,1,9,0.517,0,0.149,4,105.47,369.75,108,0
CUST101133,Female,East,Search,Groceries,61,49810.5,28,0,3,0.695,6,0.333,3,83.75,212.23,17,1
CUST101134,Male,North,Search,Beauty,46,75180.45,21,0,7,0.091,3,0.216,7,88.27,661.35,1,0
CUST101135,Female,North,Social Media,Home & Living,37,65652.95,41,0,11,0.341,2,0.326,8,70.59,581.71,80,1
CUST101136,Male,West,Search,Groceries,53,61522.13,27,0,13,0.182,6,0.185,8,124.87,960.24,2,0
CUST101137,Female,West,Referral,Fashion,55,47698.59,30,1,8,0.446,1,0.336,5,90.47,510.97,128,0
CUST101138,Female,North,Referral,Electronics,24,64248.53,25,0,2,0.304,2,0.317,5,93.26,468.22,139,0
CUST101139,Male,South,Search,Electronics,48,52214.77,34,0,10,0.435,1,0.178,5,88.39,444.59,54,0
CUST101140,Female,North,Referral,Groceries,49,66660.43,41,0,6,0.385,2,0.074,8,112.97,876.94,36,0
CUST101141,Female,South,Organic,Groceries,36,44639.62,57,1,12,0.437,0,0.579,7,72.36,526.41,117,1
CUST101142,Male,West,Referral,Fashion,58,50940.29,24,0,8,0.493,1,0.542,12,96.79,1108.21,52,1
CUST101143,Female,West,Organic,Beauty,38,36290.32,15,0,4,0.382,2,0.25,4,71.53,250.25,189,0
CUST101144,Male,East,Organic,Sports,42,54197.24,35,1,9,0.378,0,0.249,4,95.88,422.94,1,0
CUST101145,Male,South,Social Media,Fashion,38,39123.09,13,0,11,0.529,0,0.184,7,71.98,385.82,21,1
CUST101146,Male,East,Social Media,Fashion,40,34447.41,24,1,8,0.518,0,0.389,9,119.51,1048.65,4,0
CUST101147,Male,South,Organic,Home & Living,26,61311.71,11,1,5,0.391,1,0.259,1,88.94,114.43,1,1
CUST101148,Female,West,Organic,Fashion,21,60140.52,72,0,2,0.405,5,0.395,2,53.3,171.64,91,1
CUST101149,Male,West,Social Media,Sports,61,76412.03,53,0,5,0.248,1,0.137,6,94.67,575.08,107,0
CUST101150,Female,East,Organic,Groceries,29,45890.61,50,1,7,0.648,1,0.12,8,88.71,746.65,231,0
CUST101151,Male,South,Referral,Sports,27,65281.94,58,1,11,0.302,0,0.23,6,94.96,597.98,26,1
CUST101152,Female,South,Organic,Sports,18,69315.47,47,1,5,0.272,2,0.367,8,68.85,519.35,37,1
CUST101153,Female,North,Organic,Beauty,32,66296.57,32,0,12,0.219,1,0.612,5,64.89,306.77,80,0
CUST101154,Female,West,Social Media,Home & Living,23,38883.06,33,0,3,0.51,2,0.428,2,107.81,220.01,69,0
CUST101155,Male,South,Social Media,Home & Living,61,58560.82,55,1,16,0.502,1,0.396,5,94.68,562.66,12,1
CUST101156,Male,South,Organic,Beauty,53,64088.96,57,0,13,0.133,2,0.35,4,88.49,371.25,139,1
CUST101157,Male,South,Referral,Fashion,31,55166.07,16,1,9,0.469,2,0.238,9,127.66,1143.0,38,1
CUST101158,Female,West,Organic,Groceries,69,22897.15,26,0,2,0.244,2,0.206,6,94.7,508.0,8,0
CUST101159,Female,North,Organic,Sports,53,58835.11,30,1,9,0.728,2,0.244,7,96.23,655.56,34,1
CUST101160,Male,West,Other,Beauty,36,139295.31,48,0,6,0.096,4,0.138,3,117.0,333.69,117,1
CUST101161,Male,West,Search,Electronics,18,47281.39,18,0,3,0.194,4,0.418,7,111.96,813.35,128,0
CUST101162,Female,West,Search,Electronics,70,40509.67,17,1,10,0.649,0,0.376,8,83.28,639.56,129,1
CUST101163,Male,South,Social Media,Beauty,22,64337.3,12,0,4,0.442,1,0.106,0,98.04,3.87,82,1
CUST101164,Female,North,Social Media,Fashion,19,62710.7,21,0,5,0.362,1,0.096,3,93.96,290.32,65,0
CUST101165,Female,South,Social Media,Groceries,53,90765.74,23,0,6,0.303,4,0.314,3,101.1,311.99,219,0
CUST101166,Female,South,Organic,Sports,72,32428.2,64,1,7,0.428,1,0.149,2,82.52,136.05,68,1
CUST101167,Male,North,Organic,Beauty,58,74777.19,45,1,15,0.18,0,0.179,7,110.93,752.53,77,1
CUST101168,Male,East,Search,Electronics,47,70478.69,48,0,5,0.582,0,0.248,3,91.37,288.55,156,0
CUST101169,Female,South,Referral,Fashion,48,51812.51,15,0,8,0.285,0,0.192,6,98.08,561.5,14,1
CUST101170,Female,West,Other,Fashion,51,63407.48,25,0,7,0.026,1,0.068,6,60.44,285.16,80,0
CUST101171,Male,North,Search,Fashion,50,84749.96,42,1,10,0.402,1,0.273,9,162.46,1470.66,24,0
CUST101172,Male,East,Other,Beauty,44,79337.08,31,0,8,0.198,2,0.515,4,104.47,329.8,40,0
CUST101173,Female,West,Organic,Groceries,41,34030.77,38,0,10,0.441,2,0.344,6,85.87,508.01,63,1
CUST101174,Female,West,Social Media,Fashion,39,77618.02,12,0,8,0.477,2,0.307,7,128.91,854.23,28,0
CUST101175,Female,West,Referral,Electronics,30,53525.81,30,1,10,0.473,0,0.326,5,77.99,377.09,8,1
CUST101176,Other,East,Other,Electronics,36,56709.42,43,1,9,0.368,1,0.547,6,79.35,552.9,19,1
CUST101177,Male,West,Organic,Home & Living,18,56717.11,15,0,7,0.321,1,0.194,6,73.47,468.23,40,1
CUST101178,Male,South,Search,Groceries,39,51636.62,9,0,4,0.634,3,0.524,6,121.92,705.25,130,0
CUST101179,Female,East,Social Media,Home & Living,27,90726.58,15,1,9,0.428,3,0.496,7,99.84,638.35,88,0
CUST101180,Female,North,Referral,Sports,26,53099.72,55,1,10,0.33,3,0.17,2,137.73,190.13,140,0
CUST101181,Male,North,Referral,Groceries,42,34367.93,13,0,8,0.136,2,0.194,4,67.94,210.42,28,0
CUST101182,Male,South,Other,Beauty,58,46620.98,29,0,8,0.24,2,0.254,4,38.67,113.14,136,0
CUST101183,Female,North,Referral,Fashion,52,59286.7,8,0,6,0.367,1,0.5,10,58.47,529.23,101,0
CUST101184,Male,South,Search,Beauty,20,92167.11,17,1,9,0.526,6,0.376,7,110.88,794.27,56,0
CUST101185,Male,North,Organic,Fashion,27,70854.82,32,1,7,0.284,1,0.243,8,106.21,844.89,13,1
CUST101186,Female,North,Social Media,Sports,52,38478.84,29,0,8,0.616,2,0.312,4,88.0,422.52,118,1
CUST101187,Female,West,Search,Electronics,27,156196.21,50,0,6,0.68,0,0.241,10,97.9,930.35,63,1
CUST101188,Female,North,Referral,Sports,37,61469.36,36,0,8,0.132,1,0.499,2,64.28,111.87,139,0
CUST101189,Male,East,Organic,Electronics,47,93972.04,15,1,12,0.427,2,0.408,6,81.62,410.35,1,1
CUST101190,Female,North,Search,Home & Living,27,51604.72,25,0,5,0.297,1,0.299,3,74.16,224.3,160,1
CUST101191,Female,West,Organic,Fashion,41,68809.65,22,1,11,0.299,0,0.164,6,103.62,535.33,119,1
CUST101192,Female,West,Organic,Beauty,23,78250.09,6,1,9,0.512,1,0.563,3,119.26,305.99,93,1
CUST101193,Female,East,Search,Groceries,32,91741.51,65,0,13,0.507,1,0.386,5,112.08,556.44,153,1
CUST101194,Male,East,Organic,Fashion,44,85749.3,29,0,6,0.257,2,0.305,2,99.28,61.78,145,0
CUST101195,Male,North,Organic,Beauty,19,79333.14,32,1,11,0.247,1,0.248,5,143.84,686.94,121,0
CUST101196,Male,West,Search,Home & Living,46,48182.54,41,0,7,0.287,0,0.306,6,84.31,482.03,31,1
CUST101197,Male,West,Organic,Electronics,40,43258.76,41,1,4,0.396,1,0.413,6,47.48,322.12,50,0
CUST101198,Female,West,Referral,Home & Living,47,63245.78,44,0,5,0.422,7,0.304,3,64.92,218.34,82,0
CUST101199,Female,East,Organic,Beauty,43,81389.56,23,1,12,0.449,0,0.175,7,104.23,726.58,51,1
CUST101200,Female,South,Search,Sports,58,50088.45,21,1,7,0.495,6,0.065,4,71.01,247.68,70,1
CUST101201,Female,West,Search,Groceries,42,86030.8,51,1,2,0.509,2,0.221,3,127.34,368.56,72,1
CUST101202,Male,South,Social Media,Groceries,34,101233.75,66,0,7,0.269,0,0.604,4,103.13,442.24,139,0
CUST101203,Male,East,Organic,Home & Living,42,37430.22,8,1,5,0.537,5,0.224,8,110.86,899.39,35,1
CUST101204,Male,North,Organic,Groceries,47,38699.49,50,0,7,0.554,0,0.05,5,85.3,487.76,47,1
CUST101205,Male,West,Organic,Groceries,41,51851.07,25,0,12,0.161,3,0.442,3,39.78,117.15,13,1
CUST101206,Male,North,Referral,Electronics,41,62585.3,28,0,9,0.452,0,0.48,5,114.43,580.29,153,0
CUST101207,Female,North,Other,Electronics,31,44124.49,4,0,12,0.22,0,0.177,5,77.19,332.98,76,1
CUST101208,Other,East,Organic,Beauty,31,97053.11,29,0,5,0.191,2,0.392,4,96.63,373.47,97,0
CUST101209,Male,West,Organic,Sports,22,65722.5,20,0,7,0.43,6,0.374,6,92.1,558.36,104,0
CUST101210,Male,East,Organic,Beauty,63,55918.82,5,1,5,0.208,2,0.135,4,95.86,378.01,138,0
CUST101211,Female,North,Search,Electronics,24,30091.75,54,1,7,0.658,0,0.157,3,89.78,347.17,1,1
CUST101212,Male,North,Search,Groceries,31,31648.49,32,0,4,0.331,0,0.434,4,78.12,252.59,312,1
CUST101213,Female,West,Search,Fashion,31,61889.9,35,1,5,0.574,5,0.249,2,91.65,165.98,37,1
CUST101214,Female,West,Social Media,Groceries,52,22457.91,54,0,11,0.491,1,0.527,4,50.13,271.27,69,1
CUST101215,Female,West,Search,Home & Living,36,84153.36,42,0,0,0.242,0,0.279,5,94.25,502.4,291,0
CUST101216,Male,South,Organic,Sports,56,51465.34,12,1,13,0.38,2,0.521,6,92.91,565.09,1,1
CUST101217,Female,West,Referral,Electronics,31,180000.0,47,0,11,0.35,4,0.265,8,138.33,1048.64,87,0
CUST101218,Male,South,Search,Home & Living,44,144989.02,10,1,10,0.223,6,0.447,7,139.17,981.92,94,0
CUST101219,Female,East,Search,Groceries,29,50964.26,40,0,3,0.294,1,0.28,5,76.73,372.91,107,1
CUST101220,Male,South,Search,Sports,68,52597.66,72,0,2,0.245,4,0.374,9,84.91,812.73,83,0
CUST101221,Male,South,Search,Electronics,25,83552.69,40,0,5,0.444,1,0.111,9,112.38,1015.69,44,0
CUST101222,Female,West,Search,Beauty,44,112467.66,23,1,11,0.311,0,0.221,8,126.53,1082.56,172,1
CUST101223,Female,East,Social Media,Fashion,48,27642.68,72,1,9,0.377,2,0.269,6,73.0,526.87,53,1
CUST101224,Female,South,Search,Groceries,45,25972.95,32,1,5,0.333,0,0.213,4,55.22,234.89,13,0
CUST101225,Female,South,Social Media,Electronics,38,42354.66,16,1,12,0.38,5,0.288,5,119.97,617.75,1,1
CUST101226,Female,North,Organic,Electronics,38,70251.59,19,0,12,0.367,5,0.498,3,103.86,305.02,87,1
CUST101227,Male,East,Search,Electronics,41,67763.26,19,1,8,0.469,1,0.023,4,113.95,383.67,53,0
CUST101228,Female,North,Other,Fashion,38,86197.16,72,0,7,0.443,5,0.111,3,74.45,152.9,108,0
CUST101229,Female,North,Referral,Electronics,53,33230.24,40,0,2,0.567,1,0.412,2,94.48,230.32,31,0
CUST101230,Female,East,Social Media,Beauty,69,20791.68,41,1,7,0.587,2,0.178,6,70.1,483.56,59,1
CUST101231,Female,East,Social Media,Electronics,33,78861.97,37,0,9,0.745,0,0.611,5,110.09,525.56,55,1
CUST101232,Male,West,Organic,Beauty,22,38841.56,33,0,8,0.226,2,0.396,11,71.88,777.22,156,0
CUST101233,Female,East,Search,Electronics,39,23560.42,21,1,7,0.487,2,0.043,7,57.06,386.7,27,1
CUST101234,Male,West,Organic,Home & Living,74,58455.16,13,1,8,0.423,0,0.106,7,105.35,701.28,1,1
CUST101235,Male,West,Other,Home & Living,30,76743.37,35,1,7,0.461,2,0.32,4,106.82,527.73,213,0
CUST101236,Female,West,Social Media,Fashion,61,52251.53,71,0,6,0.44,1,0.495,4,99.51,381.33,1,1
CUST101237,Male,East,Organic,Beauty,62,45378.43,34,0,8,0.211,1,0.206,5,87.35,487.44,80,0
CUST101238,Female,South,Organic,Electronics,33,51439.23,57,1,3,0.37,3,0.194,3,52.85,57.04,109,0
CUST101239,Male,West,Search,Home & Living,47,47072.47,8,1,9,0.146,2,0.146,4,117.7,525.38,72,0
CUST101240,Male,South,Referral,Groceries,61,31222.95,34,0,8,0.448,1,0.629,3,92.37,371.01,21,0
CUST101241,Female,North,Organic,Electronics,35,40738.24,21,1,7,0.234,1,0.409,3,87.12,276.12,36,1
CUST101242,Female,South,Search,Fashion,37,68461.45,15,1,7,0.296,6,0.285,9,119.36,1106.93,49,0
CUST101243,Female,North,Referral,Electronics,32,62956.13,63,0,6,0.187,0,0.096,12,61.49,782.36,67,0
CUST101244,Female,West,Organic,Groceries,27,59022.48,22,1,7,0.491,3,0.077,5,83.89,444.71,11,0
CUST101245,Female,East,Social Media,Beauty,32,36211.29,40,0,7,0.47,0,0.207,4,93.85,368.14,113,0
CUST101246,Male,East,Other,Groceries,24,50963.1,27,0,7,0.156,3,0.267,7,118.02,790.42,66,0
CUST101247,Male,East,Social Media,Groceries,40,22042.36,12,0,0,0.029,1,0.169,4,64.48,292.39,239,1
CUST101248,Male,South,Social Media,Electronics,30,59281.27,43,1,11,0.524,0,0.235,6,59.28,301.38,29,1
CUST101249,Female,North,Organic,Fashion,43,100228.58,23,1,8,0.651,2,0.295,5,122.02,640.89,1,1
CUST101250,Female,East,Organic,Electronics,20,29612.53,47,1,15,0.553,2,0.16,6,103.24,573.76,11,0
CUST101251,Male,East,Organic,Sports,44,43001.87,17,1,5,0.587,1,0.112,6,57.29,293.7,1,1
CUST101252,Female,South,Social Media,Electronics,51,63152.85,21,0,4,0.269,0,0.243,5,87.31,343.98,168,0
CUST101253,Female,West,Other,Beauty,18,93086.31,39,0,6,0.118,0,0.437,2,112.31,201.68,68,1
CUST101254,Male,North,Social Media,Fashion,45,45562.22,18,0,8,0.211,1,0.097,7,108.82,809.78,55,1
CUST101255,Male,North,Social Media,Fashion,56,41123.84,43,0,1,0.196,2,0.203,2,55.05,139.56,170,0
CUST101256,Female,North,Search,Beauty,24,24056.02,7,1,6,0.262,3,0.232,6,72.89,416.87,61,0
CUST101257,Female,South,Referral,Groceries,62,57442.08,13,0,9,0.128,0,0.351,4,81.57,287.58,106,1
CUST101258,Female,West,Referral,Groceries,45,129671.6,30,1,6,0.263,1,0.248,6,101.34,682.7,94,1
CUST101259,Male,West,Organic,Beauty,31,61795.08,41,0,11,0.351,0,0.211,4,88.1,254.24,108,0
CUST101260,Other,South,Organic,Groceries,39,54487.76,31,0,6,0.144,1,0.146,6,89.82,537.99,227,0
CUST101261,Male,East,Search,Fashion,47,62966.81,38,0,4,0.196,4,0.276,5,121.13,555.64,64,1
CUST101262,Male,East,Referral,Groceries,41,54744.37,22,1,11,0.327,2,0.47,3,48.73,153.28,208,0
CUST101263,Other,South,Search,Beauty,47,39090.02,7,0,12,0.337,4,0.395,8,90.02,726.27,1,1
CUST101264,Male,North,Search,Electronics,28,77719.85,24,0,8,0.382,4,0.156,3,74.86,268.51,86,1
CUST101265,Female,West,Organic,Groceries,42,60470.34,24,1,13,0.481,0,0.076,7,73.51,569.05,61,1
CUST101266,Male,East,Referral,Electronics,22,55408.37,54,1,14,0.32,0,0.443,6,83.02,410.81,59,0
CUST101267,Female,West,Referral,Fashion,39,36513.41,42,1,6,0.24,0,0.08,6,90.64,509.7,68,0
CUST101268,Female,South,Referral,Beauty,28,95088.36,14,0,10,0.164,2,0.332,9,84.73,766.4,111,1
CUST101269,Male,East,Social Media,Home & Living,30,72712.14,5,0,2,0.116,5,0.041,4,83.19,381.91,50,0
CUST101270,Female,North,Referral,Home & Living,56,43602.15,27,1,10,0.512,3,0.593,2,92.09,210.51,17,1
CUST101271,Male,South,Search,Electronics,54,83772.07,21,1,9,0.806,2,0.055,8,113.37,851.99,32,1
CUST101272,Female,East,Social Media,Groceries,48,44627.64,68,1,13,0.348,1,0.384,3,111.13,343.04,110,0
CUST101273,Male,South,Social Media,Beauty,26,39602.48,55,0,11,0.157,1,0.437,7,71.79,539.46,23,0
CUST101274,Male,North,Social Media,Electronics,36,39975.14,12,0,9,0.709,2,0.122,4,79.79,279.03,132,0
CUST101275,Male,South,Organic,Sports,56,26140.46,41,0,8,0.445,1,0.19,1,78.79,45.99,118,0
CUST101276,Male,North,Organic,Sports,42,67046.14,38,1,10,0.47,2,0.351,7,128.13,871.59,4,1
CUST101277,Female,East,Organic,Home & Living,70,25489.14,37,0,7,0.125,1,0.378,6,90.16,509.12,154,0
CUST101278,Male,South,Organic,Electronics,45,32831.45,72,1,9,0.323,2,0.118,9,92.7,824.51,71,0
CUST101279,Male,North,Other,Fashion,42,23002.12,27,0,12,0.132,1,0.17,6,72.83,436.44,220,0
CUST101280,Male,North,Search,Sports,36,53047.3,44,1,14,0.556,3,0.533,7,91.03,636.67,1,1
CUST101281,Male,North,Organic,Beauty,42,51634.94,48,0,7,0.251,2,0.151,3,48.56,166.32,114,0
CUST101282,Female,East,Organic,Home & Living,38,47948.18,35,0,8,0.344,2,0.181,1,73.63,58.37,110,0
CUST101283,Other,North,Organic,Electronics,49,35497.08,67,0,7,0.447,4,0.257,6,89.24,488.55,188,0
CUST101284,Male,West,Search,Beauty,52,33615.76,32,1,4,0.451,5,0.128,4,87.94,309.3,57,1
CUST101285,Female,North,Social Media,Beauty,30,66844.47,46,1,8,0.447,4,0.147,9,90.92,840.78,141,1
CUST101286,Female,South,Social Media,Electronics,23,43645.55,19,0,12,0.192,0,0.355,2,101.69,169.1,283,0
CUST101287,Male,West,Other,Groceries,18,62815.61,13,1,6,0.484,3,0.14,4,96.62,403.91,24,1
CUST101288,Female,East,Organic,Beauty,47,37921.9,39,0,14,0.106,0,0.234,3,58.81,197.9,30,1
CUST101289,Female,North,Referral,Fashion,26,59345.69,28,1,13,0.353,3,0.296,3,61.86,232.51,28,0
CUST101290,Female,West,Organic,Fashion,18,95079.17,29,1,10,0.157,3,0.353,6,117.86,665.77,46,0
CUST101291,Female,South,Referral,Beauty,45,70352.82,24,1,11,0.527,1,0.066,4,82.68,293.12,9,1
CUST101292,Male,West,Other,Groceries,72,46252.68,46,0,4,0.335,3,0.431,4,94.12,415.5,49,1
CUST101293,Female,East,Search,Home & Living,40,61274.07,32,0,6,0.448,2,0.487,7,100.81,622.47,78,0
CUST101294,Female,East,Social Media,Fashion,51,49712.37,72,1,13,0.476,0,0.352,11,98.0,1105.81,151,1
CUST101295,Male,West,Search,Fashion,41,55182.33,31,0,5,0.229,3,0.583,4,113.0,499.54,86,0
CUST101296,Female,North,Organic,Home & Living,39,47970.03,36,0,10,0.163,2,0.212,5,78.54,310.59,14,0
CUST101297,Male,East,Organic,Home & Living,52,51331.9,49,1,4,0.671,0,0.101,2,99.47,205.11,192,0
CUST101298,Other,South,Search,Electronics,36,60124.2,39,0,3,0.632,3,0.428,6,77.48,442.49,134,0
CUST101299,Female,North,Social Media,Sports,43,36238.52,14,1,15,0.732,1,0.12,5,81.39,474.14,134,0
CUST101300,Male,North,Organic,Electronics,44,35897.37,26,1,9,0.187,2,0.099,9,101.0,985.79,49,1
CUST101301,Male,North,Social Media,Electronics,31,30696.4,18,1,7,0.441,2,0.257,6,98.15,698.3,75,1
CUST101302,Female,East,Social Media,Fashion,53,28084.54,38,0,11,0.48,1,0.067,7,50.11,417.8,142,1
CUST101303,Male,East,Referral,Fashion,38,32985.71,34,0,11,0.163,2,0.224,8,62.13,562.85,74,1
CUST101304,Male,East,Social Media,Sports,30,58809.74,47,0,10,0.362,2,0.258,3,86.87,379.91,112,0
CUST101305,Male,North,Referral,Sports,47,37802.02,51,0,5,0.315,3,0.374,3,90.54,278.23,23,1
CUST101306,Male,South,Search,Home & Living,28,68241.39,18,0,6,0.231,0,0.519,4,63.87,283.89,26,1
CUST101307,Male,West,Social Media,Sports,40,55807.76,50,0,8,0.082,1,0.449,4,74.57,369.48,156,0
CUST101308,Male,South,Other,Groceries,40,24060.26,55,0,9,0.481,1,0.133,2,83.15,162.32,242,0
CUST101309,Male,East,Referral,Beauty,54,72415.69,16,0,5,0.313,2,0.155,5,106.87,500.48,26,1
CUST101310,Female,West,Referral,Home & Living,46,77313.5,36,1,9,0.695,1,0.244,6,108.66,624.63,12,1
CUST101311,Female,West,Organic,Sports,40,36230.85,60,0,8,0.437,1,0.222,5,74.81,360.2,89,0
CUST101312,Male,East,Organic,Sports,51,65615.61,26,0,11,0.482,4,0.339,3,72.72,216.42,85,0
CUST101313,Male,West,Search,Home & Living,58,38382.59,29,1,11,0.339,6,0.176,7,84.21,560.15,83,0
CUST101314,Female,South,Other,Electronics,47,57303.1,36,1,4,0.486,1,0.408,9,113.03,941.52,37,1
CUST101315,Male,West,Referral,Beauty,40,32338.03,2,0,6,0.504,2,0.268,4,92.81,428.0,83,0
CUST101316,Male,South,Organic,Home & Living,23,25899.62,32,1,6,0.18,4,0.354,4,62.33,352.71,133,0
CUST101317,Male,South,Referral,Home & Living,26,46831.21,33,0,9,0.182,2,0.454,4,106.57,361.45,70,0
CUST101318,Female,North,Referral,Fashion,36,52214.85,42,0,10,0.403,0,0.297,1,68.48,13.64,117,0
CUST101319,Female,West,Referral,Groceries,32,46539.79,43,1,9,0.583,0,0.318,11,90.0,960.33,122,0
CUST101320,Female,South,Organic,Beauty,38,33449.62,29,1,8,0.674,1,0.478,6,65.31,335.72,130,1
CUST101321,Female,North,Social Media,Fashion,41,46496.43,71,1,9,0.288,1,0.522,11,120.01,1300.48,11,1
CUST101322,Female,North,Organic,Beauty,47,61586.15,18,1,9,0.203,1,0.166,8,111.6,892.58,108,0
CUST101323,Male,West,Search,Fashion,39,53972.69,46,1,7,0.468,3,0.369,4,95.01,403.53,5,1
CUST101324,Female,West,Social Media,Fashion,46,59381.55,6,1,5,0.611,3,0.389,8,87.66,685.87,115,1
CUST101325,Male,East,Organic,Groceries,41,41507.94,30,0,0,0.173,0,0.37,3,118.94,423.77,132,0
CUST101326,Female,East,Search,Groceries,18,89968.06,5,1,13,0.489,1,0.798,6,108.35,606.16,327,0
CUST101327,Female,South,Search,Groceries,28,33560.18,32,0,9,0.023,2,0.202,1,110.45,84.51,66,1
CUST101328,Female,South,Search,Groceries,38,67498.71,38,0,8,0.496,6,0.351,5,90.83,559.38,60,1
CUST101329,Male,West,Referral,Fashion,24,90353.29,24,0,11,0.611,1,0.096,7,95.86,682.09,21,1
CUST101330,Male,North,Referral,Electronics,48,67310.39,30,1,5,0.152,1,0.262,4,113.62,475.43,14,1
CUST101331,Female,South,Social Media,Electronics,60,50515.14,44,1,3,0.512,1,0.207,7,99.12,656.76,96,1
CUST101332,Female,South,Social Media,Fashion,56,44055.42,2,1,10,0.492,2,0.096,5,97.26,494.81,72,1
CUST101333,Female,South,Referral,Beauty,37,84986.29,22,0,8,0.367,1,0.09,5,100.87,507.17,37,0
CUST101334,Male,South,Organic,Sports,59,30255.67,61,0,1,0.315,2,0.574,2,96.09,197.08,133,0
CUST101335,Female,East,Organic,Electronics,42,36593.88,14,0,8,0.219,0,0.396,4,64.43,273.6,51,1
CUST101336,Female,North,Organic,Electronics,36,46542.18,19,0,6,0.093,0,0.089,3,80.89,300.92,57,0
CUST101337,Female,East,Search,Sports,32,92494.37,7,1,6,0.502,3,0.154,4,94.37,320.8,109,1
CUST101338,Female,South,Organic,Fashion,36,64510.99,22,0,6,0.38,2,0.306,8,98.26,812.69,9,1
CUST101339,Female,North,Referral,Home & Living,35,36625.84,28,1,1,0.415,0,0.178,4,84.98,351.27,147,0
CUST101340,Female,North,Social Media,Sports,42,48279.35,72,0,5,0.467,1,0.326,2,72.53,176.3,1,0
CUST101341,Female,West,Referral,Fashion,42,42492.07,37,0,5,0.112,2,0.3,8,106.37,894.72,11,0
CUST101342,Female,South,Social Media,Fashion,40,40822.03,23,1,11,0.728,0,0.152,2,108.58,207.73,35,0
CUST101343,Male,East,Social Media,Groceries,46,82968.98,10,0,6,0.629,2,0.194,3,116.9,341.41,2,1
CUST101344,Male,East,Organic,Electronics,55,30913.75,19,0,9,0.127,2,0.088,2,103.15,235.19,12,1
CUST101345,Female,East,Social Media,Electronics,52,108096.15,17,0,0,0.305,2,0.431,1,116.43,79.98,54,0
CUST101346,Female,South,Social Media,Electronics,21,77881.59,6,1,6,0.778,3,0.52,10,107.63,1069.46,2,1
CUST101347,Female,South,Referral,Sports,18,86964.07,13,1,11,0.525,1,0.079,5,94.86,479.18,35,1
CUST101348,Male,South,Organic,Groceries,52,45281.5,23,1,8,0.583,2,0.093,4,116.09,511.34,63,1
CUST101349,Male,East,Search,Electronics,22,51643.18,25,1,12,0.412,0,0.342,6,89.78,544.58,78,1
CUST101350,Female,South,Other,Beauty,37,30126.63,44,1,3,0.384,1,0.611,7,72.75,517.77,55,1
CUST101351,Female,West,Search,Groceries,25,44122.73,63,1,11,0.414,2,0.243,10,92.6,915.89,1,0
CUST101352,Male,West,Organic,Groceries,18,67671.71,25,1,7,0.292,3,0.125,5,84.81,437.5,79,1
CUST101353,Male,North,Search,Fashion,47,94791.49,47,0,5,0.339,1,0.358,2,116.69,241.55,163,0
CUST101354,Female,North,Referral,Groceries,50,34547.23,23,0,10,0.493,0,0.686,2,93.57,157.95,35,0
CUST101355,Male,East,Search,Home & Living,33,47172.95,16,1,13,0.236,1,0.435,7,103.53,752.95,101,1
CUST101356,Female,South,Social Media,Electronics,18,51613.72,43,0,10,0.383,0,0.254,10,52.25,462.92,26,1
CUST101357,Male,North,Search,Fashion,33,30603.11,22,0,14,0.311,0,0.344,6,42.75,260.88,62,0
CUST101358,Female,West,Social Media,Fashion,45,70506.14,18,1,13,0.594,4,0.131,10,102.71,1107.27,96,1
CUST101359,Female,North,Social Media,Fashion,21,40579.27,16,0,4,0.14,0,0.355,2,78.3,91.61,35,0
CUST101360,Female,West,Search,Fashion,42,50666.72,9,1,9,0.621,1,0.283,6,115.3,647.92,53,0
CUST101361,Male,East,Organic,Sports,40,45491.0,30,1,8,0.529,1,0.397,7,78.18,601.26,75,1
CUST101362,Female,West,Social Media,Home & Living,48,39480.66,20,0,13,0.308,1,0.402,10,63.76,674.24,61,1
CUST101363,Male,North,Other,Fashion,42,54837.5,48,1,12,0.596,1,0.411,7,79.6,512.76,42,0
CUST101364,Male,North,Organic,Groceries,27,50238.27,72,1,8,0.209,1,0.358,8,68.29,492.39,28,0
CUST101365,Other,East,Search,Beauty,56,47047.27,16,0,10,0.275,1,0.58,5,76.84,283.47,183,0
CUST101366,Female,North,Organic,Groceries,38,40503.13,11,1,5,0.781,0,0.545,9,65.81,511.49,192,0
CUST101367,Female,South,Social Media,Groceries,40,62899.21,64,1,10,0.391,7,0.211,8,96.78,764.45,100,0
CUST101368,Male,South,Social Media,Fashion,28,110151.03,32,0,4,0.312,3,0.146,0,101.3,53.2,34,0
CUST101369,Male,North,Organic,Groceries,34,58328.21,31,0,2,0.41,0,0.332,1,71.78,119.52,99,1
CUST101370,Male,North,Social Media,Groceries,28,83571.52,35,0,10,0.3,2,0.316,4,73.7,330.35,70,0
CUST101371,Female,West,Organic,Sports,38,30674.75,53,0,10,0.375,3,0.584,5,55.22,212.25,21,1
CUST101372,Female,North,Social Media,Sports,62,58767.74,53,0,8,0.356,0,0.368,7,48.4,401.43,7,0
CUST101373,Female,North,Referral,Electronics,22,34689.55,42,1,8,0.419,4,0.416,5,68.19,369.35,23,0
CUST101374,Female,East,Referral,Electronics,19,29577.82,13,0,3,0.186,1,0.398,7,61.78,366.39,40,1
CUST101375,Male,West,Organic,Home & Living,59,40317.97,8,1,5,0.515,1,0.606,6,55.54,277.6,110,1
CUST101376,Male,South,Organic,Groceries,37,90733.89,14,0,4,0.214,0,0.022,1,121.23,157.64,109,0
CUST101377,Male,North,Search,Home & Living,31,81968.89,10,0,6,0.319,1,0.05,3,107.99,363.31,365,0
CUST101378,Male,East,Search,Electronics,54,60909.87,44,1,12,0.323,3,0.308,6,94.73,550.62,119,1
CUST101379,Male,West,Organic,Groceries,32,28892.99,19,1,12,0.426,4,0.049,4,44.24,154.66,75,0
CUST101380,Female,West,Organic,Groceries,64,50647.78,41,0,2,0.39,1,0.414,2,109.02,239.94,59,0
CUST101381,Male,East,Organic,Home & Living,49,62430.08,29,0,5,0.351,1,0.215,4,80.91,331.75,83,0
CUST101382,Female,South,Social Media,Electronics,34,59208.1,19,1,6,0.333,2,0.136,3,63.96,219.34,1,0
CUST101383,Male,East,Social Media,Fashion,68,25354.09,16,0,0,0.208,2,0.157,2,58.39,52.28,18,0
CUST101384,Other,North,Organic,Groceries,32,37841.25,18,0,9,0.034,1,0.541,4,66.76,266.34,105,1
CUST101385,Female,East,Search,Home & Living,50,53539.54,11,0,6,0.407,4,0.234,4,69.11,292.54,40,0
CUST101386,Female,East,Organic,Home & Living,44,68894.43,72,1,8,0.308,0,0.279,14,86.38,1218.13,92,0
CUST101387,Male,West,Other,Home & Living,57,21866.58,27,0,11,0.503,2,0.152,3,41.24,125.31,86,1
CUST101388,Female,South,Other,Home & Living,60,51379.6,29,1,9,0.491,1,0.252,6,121.68,696.68,34,1
CUST101389,Female,North,Search,Electronics,40,58405.71,29,1,7,0.321,2,0.277,7,110.8,790.71,160,0
CUST101390,Male,East,Other,Electronics,30,78584.17,44,1,11,0.262,1,0.209,3,84.21,173.07,1,1
CUST101391,Male,East,Social Media,Electronics,46,73577.07,17,0,10,0.245,5,0.096,6,107.75,657.02,1,1
CUST101392,Male,West,Social Media,Fashion,31,70246.69,55,0,8,0.633,1,0.355,4,78.9,381.76,29,1
CUST101393,Female,North,Search,Sports,66,39305.25,24,0,9,0.473,7,0.061,0,85.78,9.6,156,0
CUST101394,Female,South,Referral,Home & Living,42,24679.48,23,0,7,0.274,1,0.62,4,52.58,168.98,31,0
CUST101395,Female,East,Organic,Fashion,35,46630.32,59,1,9,0.225,2,0.263,5,97.55,473.03,41,1
CUST101396,Male,South,Referral,Beauty,42,83765.28,17,1,9,0.41,1,0.185,7,117.38,784.77,26,0
CUST101397,Male,West,Search,Home & Living,22,98749.28,36,1,6,0.34,5,0.142,7,107.07,758.58,125,0
CUST101398,Female,South,Organic,Groceries,27,74125.81,28,1,7,0.534,2,0.541,7,86.19,604.41,105,0
CUST101399,Male,West,Organic,Electronics,56,65868.24,19,1,13,0.162,1,0.573,8,64.17,471.27,34,1
CUST101400,Female,East,Referral,Groceries,31,64507.52,40,0,13,0.357,2,0.415,3,100.84,351.08,20,1
CUST101401,Female,West,Organic,Fashion,26,43543.63,13,1,14,0.695,7,0.318,3,81.1,229.17,6,1
CUST101402,Male,South,Search,Beauty,47,52076.19,19,0,3,0.334,1,0.123,2,70.97,161.37,24,0
CUST101403,Female,West,Other,Groceries,55,110868.23,30,1,4,0.222,2,0.293,4,104.4,487.62,13,1
CUST101404,Male,South,Social Media,Electronics,49,37020.02,67,0,3,0.3,4,0.205,10,85.21,796.85,194,0
CUST101405,Female,East,Search,Home & Living,53,108368.81,63,1,9,0.339,1,0.111,5,92.19,531.5,173,1
CUST101406,Male,North,Search,Groceries,30,48042.28,37,0,0,0.228,0,0.42,6,86.97,494.34,80,0
CUST101407,Female,South,Search,Groceries,22,95967.99,24,1,7,0.352,0,0.104,8,97.53,839.99,1,1
CUST101408,Male,South,Organic,Home & Living,60,30461.72,6,1,13,0.389,5,0.201,5,75.83,432.95,126,1
CUST101409,Male,South,Social Media,Electronics,36,70345.09,48,1,12,0.598,3,0.171,1,82.32,54.16,203,0
CUST101410,Female,West,Organic,Fashion,37,40362.04,51,1,7,0.493,7,0.192,13,92.68,1199.79,25,1
CUST101411,Male,North,Organic,Sports,57,30353.78,36,0,6,0.46,1,0.303,0,35.24,0.0,52,1
CUST101412,Female,West,Social Media,Fashion,47,60287.06,25,0,9,0.424,5,0.289,4,76.3,289.86,195,0
CUST101413,Male,West,Organic,Sports,46,84041.55,45,1,12,0.191,4,0.292,9,115.53,995.1,1,1
CUST101414,Female,North,Referral,Fashion,68,38569.34,28,1,7,0.409,1,0.547,4,91.6,333.12,159,0
CUST101415,Male,East,Organic,Electronics,32,29304.66,26,1,8,0.463,1,0.281,5,103.08,518.28,308,0
CUST101416,Female,South,Organic,Groceries,52,52918.79,10,0,5,0.457,1,0.309,7,88.97,641.95,142,0
CUST101417,Male,North,Organic,Fashion,41,53016.88,44,0,3,0.639,3,0.304,5,71.91,331.1,101,0
CUST101418,Male,South,Organic,Sports,43,69243.37,31,0,6,0.267,2,0.155,2,85.66,172.87,63,1
CUST101419,Male,West,Search,Beauty,60,81954.39,63,0,6,0.265,2,0.499,4,101.29,383.25,51,0
CUST101420,Female,North,Social Media,Home & Living,47,53644.49,20,0,3,0.351,2,0.24,7,70.95,516.85,108,0
CUST101421,Male,East,Referral,Sports,47,119898.38,16,0,9,0.238,0,0.395,3,119.66,348.51,186,1
CUST101422,Female,East,Social Media,Fashion,54,60431.58,51,0,9,0.186,2,0.188,7,122.38,807.36,365,0
CUST101423,Female,West,Organic,Sports,35,47552.49,57,1,11,0.245,1,0.439,2,67.39,102.39,5,1
CUST101424,Male,North,Referral,Beauty,29,27951.61,29,0,5,0.248,5,0.164,3,83.28,237.6,136,0
CUST101425,Female,East,Organic,Beauty,26,49255.26,46,1,2,0.158,1,0.478,8,72.77,610.77,56,0
CUST101426,Male,East,Search,Sports,18,47753.42,24,1,10,0.727,7,0.083,14,71.86,1074.2,100,1
CUST101427,Male,East,Referral,Beauty,67,82323.88,24,0,5,0.304,3,0.143,3,93.8,252.62,15,0
CUST101428,Female,West,Search,Groceries,26,66791.53,37,1,6,0.332,3,0.736,3,82.14,167.45,230,0
CUST101429,Female,West,Social Media,Beauty,37,33515.17,24,1,5,0.473,0,0.45,5,95.53,534.05,16,0
CUST101430,Female,North,Search,Fashion,36,59126.55,33,0,6,0.078,2,0.223,4,85.57,367.67,51,0
CUST101431,Male,South,Search,Fashion,44,72920.97,31,0,12,0.631,2,0.274,5,88.07,453.41,123,0
CUST101432,Male,South,Other,Beauty,51,104491.57,14,0,5,0.413,6,0.411,7,110.72,715.42,15,0
CUST101433,Male,South,Referral,Fashion,51,79844.81,33,1,5,0.401,2,0.301,3,111.16,330.05,41,1
CUST101434,Female,South,Referral,Electronics,32,75708.37,14,0,9,0.433,2,0.54,4,89.13,388.21,54,1
CUST101435,Female,South,Social Media,Electronics,38,56405.65,44,0,8,0.33,3,0.177,6,102.27,550.04,19,1
CUST101436,Female,South,Search,Beauty,44,64742.91,52,1,2,0.427,1,0.296,7,98.42,730.23,51,1
CUST101437,Male,West,Organic,Fashion,37,92955.91,26,0,9,0.321,1,0.356,7,134.81,962.3,31,1
CUST101438,Male,North,Referral,Sports,61,31423.83,67,1,16,0.17,2,0.323,4,72.8,346.36,116,0
CUST101439,Male,West,Referral,Fashion,46,47492.35,57,0,0,0.267,4,0.233,8,56.13,484.92,95,1
CUST101440,Male,South,Referral,Groceries,50,39759.72,34,1,5,0.463,0,0.268,3,92.86,179.08,1,1
CUST101441,Male,East,Organic,Groceries,49,64494.34,24,0,0,0.487,1,0.302,4,106.23,379.83,41,0
CUST101442,Female,West,Other,Beauty,55,92206.12,49,0,7,0.491,1,0.577,6,94.92,600.17,14,0
CUST101443,Female,South,Social Media,Fashion,42,42802.82,68,0,10,0.201,2,0.212,5,65.69,273.38,23,1
CUST101444,Female,South,Search,Home & Living,23,20154.05,35,1,9,0.391,2,0.523,10,75.9,724.0,72,1
CUST101445,Male,South,Search,Home & Living,45,46256.43,72,0,11,0.051,1,0.512,2,77.91,148.48,182,1
CUST101446,Male,South,Social Media,Sports,32,80720.47,21,1,11,0.472,1,0.467,5,95.86,456.74,10,1
CUST101447,Female,West,Organic,Home & Living,33,68933.19,42,1,14,0.576,1,0.162,7,81.36,479.57,104,1
CUST101448,Male,West,Organic,Groceries,48,65836.3,29,1,13,0.083,0,0.249,6,88.73,552.37,5,1
CUST101449,Female,North,Search,Groceries,56,48897.98,16,0,6,0.279,1,0.367,4,103.35,403.29,1,1
CUST101450,Male,North,Social Media,Sports,40,32141.25,23,1,9,0.053,1,0.437,5,107.16,546.71,41,0
CUST101451,Male,South,Organic,Beauty,44,68289.55,52,1,6,0.673,3,0.389,5,94.94,465.59,47,0
CUST101452,Female,North,Other,Home & Living,62,38742.41,27,0,6,0.084,0,0.42,5,64.44,219.89,15,0
CUST101453,Male,East,Referral,Sports,43,137641.68,21,1,9,0.796,1,0.141,5,103.83,489.98,18,1
CUST101454,Female,North,Referral,Home & Living,74,69891.65,58,1,9,0.321,0,0.156,6,83.27,458.24,58,1
CUST101455,Female,East,Referral,Fashion,47,43097.32,51,1,13,0.474,1,0.17,6,105.99,637.29,138,0
CUST101456,Male,North,Organic,Sports,18,42544.53,23,0,6,0.124,0,0.281,6,77.47,494.65,53,0
CUST101457,Male,South,Social Media,Beauty,50,52894.35,72,1,6,0.375,0,0.359,7,90.52,615.97,139,1
CUST101458,Female,East,Other,Beauty,45,49736.66,28,0,4,0.25,1,0.182,5,99.64,526.53,35,0
CUST101459,Female,South,Referral,Fashion,57,87917.9,35,0,9,0.433,1,0.515,9,107.41,1028.51,63,0
CUST101460,Male,West,Other,Sports,49,59479.28,30,0,3,0.235,0,0.468,2,44.16,114.71,93,1
CUST101461,Female,West,Social Media,Home & Living,38,40449.24,17,0,6,0.299,0,0.531,2,65.69,215.61,65,0
CUST101462,Male,South,Search,Fashion,24,121670.71,26,1,13,0.262,0,0.7,6,110.82,611.96,38,1
CUST101463,Male,North,Search,Beauty,37,56150.9,29,0,8,0.33,2,0.188,7,115.81,858.73,140,0
CUST101464,Male,West,Referral,Groceries,29,75962.96,8,0,7,0.164,2,0.361,5,118.49,570.9,88,0
CUST101465,Male,West,Search,Home & Living,32,42601.01,34,0,7,0.169,2,0.216,4,38.27,167.29,151,0
CUST101466,Male,West,Organic,Groceries,48,64061.38,47,0,4,0.71,1,0.052,2,66.54,64.93,76,0
CUST101467,Other,North,Search,Fashion,62,62677.3,14,1,6,0.434,2,0.24,7,103.04,807.33,27,0
CUST101468,Male,West,Organic,Groceries,45,24870.45,43,1,8,0.411,1,0.732,3,94.3,250.56,1,1
CUST101469,Male,South,Social Media,Beauty,24,128220.15,53,0,8,0.126,2,0.642,10,94.03,978.24,2,0
CUST101470,Male,East,Social Media,Electronics,46,94576.01,2,1,12,0.274,0,0.214,8,116.92,1016.57,107,1
CUST101471,Female,West,Organic,Beauty,56,46549.26,27,0,7,0.419,3,0.247,2,73.34,144.88,80,1
CUST101472,Female,North,Referral,Home & Living,32,34618.21,72,1,13,0.256,1,0.218,9,72.45,708.92,13,1
CUST101473,Male,West,Search,Home & Living,38,63644.26,34,1,14,0.263,0,0.198,4,74.7,242.74,101,1
CUST101474,Male,South,Search,Electronics,40,57039.63,8,0,10,0.334,0,0.326,10,60.34,643.49,138,1
CUST101475,Male,West,Referral,Home & Living,30,63861.34,12,1,13,0.36,2,0.418,8,83.76,676.79,42,1
CUST101476,Male,South,Search,Beauty,48,59608.35,35,0,4,0.257,1,0.336,7,108.2,747.61,48,0
CUST101477,Male,West,Referral,Electronics,38,68030.38,41,0,3,0.758,0,0.03,3,96.97,262.47,119,0
CUST101478,Male,North,Organic,Electronics,45,101008.19,30,1,10,0.295,2,0.109,5,114.47,508.0,68,1
CUST101479,Male,East,Organic,Electronics,28,69821.12,34,1,5,0.441,2,0.253,1,89.31,95.5,32,1
CUST101480,Female,East,Organic,Sports,34,35391.72,31,0,6,0.591,1,0.101,7,83.49,565.79,86,1
CUST101481,Male,South,Social Media,Electronics,49,97476.33,20,1,11,0.37,1,0.15,6,100.84,633.35,53,1
CUST101482,Female,North,Other,Fashion,35,109551.12,31,1,13,0.197,1,0.263,4,95.66,395.85,1,1
CUST101483,Female,East,Referral,Sports,62,180000.0,10,0,6,0.341,0,0.166,4,143.06,586.98,117,0
CUST101484,Female,North,Search,Beauty,35,34310.99,24,0,5,0.11,2,0.036,2,65.54,159.18,210,1
CUST101485,Male,East,Organic,Sports,43,60906.73,40,1,10,0.046,4,0.34,9,75.85,635.36,74,0
CUST101486,Male,South,Search,Sports,52,22939.3,17,0,4,0.379,3,0.093,3,83.8,184.31,91,0
CUST101487,Male,West,Organic,Electronics,22,69383.97,25,0,6,0.202,0,0.077,9,60.34,500.06,63,1
CUST101488,Female,North,Search,Home & Living,18,43688.68,32,1,9,0.64,1,0.234,9,89.79,794.38,13,1
CUST101489,Male,North,Other,Fashion,20,123369.07,72,1,9,0.747,2,0.244,9,118.49,1023.43,12,1
CUST101490,Female,South,Organic,Groceries,56,39725.56,51,0,7,0.681,2,0.386,5,59.74,242.67,49,0
CUST101491,Female,South,Social Media,Beauty,33,27055.12,10,1,6,0.441,2,0.276,5,58.78,225.23,20,1
CUST101492,Male,North,Organic,Electronics,73,45123.47,72,0,5,0.523,2,0.385,4,112.53,442.63,65,0
CUST101493,Female,South,Referral,Home & Living,33,23989.79,61,0,5,0.128,2,0.259,3,82.84,237.13,1,0
CUST101494,Male,West,Organic,Groceries,42,75399.07,33,1,4,0.174,2,0.211,3,108.63,325.09,29,1
CUST101495,Male,East,Referral,Electronics,60,23103.83,46,1,10,0.411,1,0.398,4,89.98,395.19,1,0
CUST101496,Male,East,Organic,Home & Living,66,55661.31,18,0,10,0.246,2,0.119,8,103.84,830.79,141,1
CUST101497,Male,North,Referral,Beauty,67,22980.64,29,0,10,0.36,3,0.022,6,92.65,579.83,232,1
CUST101498,Female,East,Referral,Beauty,56,48077.2,17,1,8,0.399,2,0.105,5,79.34,424.52,1,1
CUST101499,Male,North,Referral,Groceries,53,109678.35,41,0,4,0.604,1,0.343,3,103.22,254.57,184,0
CUST101500,Male,West,Search,Sports,48,63995.02,72,0,9,0.344,0,0.335,9,81.51,824.75,53,0
CUST101501,Female,South,Other,Electronics,50,38269.98,23,0,9,0.1,4,0.282,4,91.22,326.74,106,0
CUST101502,Female,South,Referral,Fashion,33,54283.9,27,1,9,0.505,1,0.047,7,93.29,648.05,60,1
CUST101503,Male,South,Organic,Groceries,29,55417.77,29,0,13,0.184,1,0.189,6,104.42,599.52,211,0
CUST101504,Female,West,Organic,Electronics,40,67076.78,24,0,7,0.479,1,0.328,9,93.49,835.88,29,1
CUST101505,Female,North,Social Media,Beauty,38,30977.24,40,0,6,0.403,3,0.271,2,76.0,208.74,112,0
CUST101506,Male,East,Search,Groceries,34,70542.22,53,0,6,0.485,1,0.155,5,102.88,564.87,85,0
CUST101507,Male,North,Referral,Fashion,49,18000.0,21,0,2,0.444,0,0.412,2,88.41,155.93,107,0
CUST101508,Male,East,Organic,Electronics,52,42215.26,29,0,9,0.59,2,0.204,5,104.78,460.14,160,1
CUST101509,Female,West,Referral,Sports,41,44802.24,43,0,7,0.1,2,0.178,6,84.61,592.88,99,1
CUST101510,Female,South,Organic,Sports,59,71760.23,16,1,10,0.252,2,0.319,6,139.85,904.09,15,0
CUST101511,Female,South,Other,Groceries,25,55525.27,13,0,13,0.538,2,0.209,8,97.33,676.36,86,0
CUST101512,Female,West,Social Media,Beauty,37,30477.74,20,0,6,0.179,0,0.618,6,112.64,684.21,47,0
CUST101513,Male,East,Organic,Fashion,31,36366.07,44,1,1,0.242,1,0.312,3,85.02,191.28,131,0
CUST101514,Male,South,Search,Beauty,18,59786.43,16,1,10,0.453,3,0.329,5,129.26,637.61,71,0
CUST101515,Male,East,Organic,Electronics,39,53203.54,21,1,9,0.444,1,0.299,7,104.24,737.56,1,0
CUST101516,Female,East,Referral,Groceries,38,43124.92,29,0,5,0.503,3,0.037,8,61.15,513.81,14,1
CUST101517,Female,North,Social Media,Beauty,60,44942.46,32,0,8,0.164,2,0.36,2,68.59,59.38,103,1
CUST101518,Male,West,Search,Home & Living,48,73679.44,27,1,11,0.566,7,0.284,5,95.45,548.44,155,0
CUST101519,Female,South,Referral,Groceries,27,44252.08,29,1,6,0.523,8,0.081,3,79.68,194.04,114,0
CUST101520,Male,North,Organic,Sports,64,53002.28,11,0,6,0.25,0,0.05,8,95.68,741.48,45,0
CUST101521,Male,West,Social Media,Beauty,56,136825.52,20,0,12,0.183,1,0.417,4,148.54,601.76,148,0
CUST101522,Male,South,Search,Home & Living,48,30246.68,46,1,6,0.656,1,0.247,11,91.41,980.64,33,1
CUST101523,Male,North,Referral,Groceries,37,25268.52,19,0,7,0.203,2,0.296,1,54.98,77.07,37,0
CUST101524,Male,East,Organic,Fashion,28,76435.01,32,0,0,0.371,1,0.655,6,96.64,597.08,120,0
CUST101525,Male,West,Referral,Home & Living,35,41359.54,31,0,2,0.152,1,0.296,3,70.99,236.77,15,0
CUST101526,Male,West,Other,Electronics,54,48118.82,43,1,9,0.395,4,0.072,7,87.04,622.73,178,0
CUST101527,Male,West,Search,Electronics,64,39616.57,47,1,13,0.429,0,0.381,10,89.51,832.27,30,1
CUST101528,Female,West,Referral,Electronics,60,49314.45,54,1,4,0.294,3,0.537,8,88.65,730.21,139,0
CUST101529,Male,North,Search,Sports,34,107632.13,63,0,7,0.37,2,0.216,3,77.85,298.05,213,0
CUST101530,Other,South,Social Media,Electronics,25,77032.48,16,0,6,0.276,1,0.315,2,89.93,151.54,34,0
CUST101531,Male,West,Referral,Home & Living,42,79001.52,7,0,10,0.355,0,0.339,2,124.49,246.43,181,0
CUST101532,Male,South,Organic,Groceries,18,30341.54,23,1,5,0.655,1,0.147,4,92.53,414.57,14,1
CUST101533,Male,East,Search,Electronics,44,33914.7,15,1,10,0.209,3,0.568,6,64.46,430.61,19,1
CUST101534,Male,East,Search,Groceries,38,18000.0,18,1,7,0.368,0,0.459,8,33.24,233.48,24,1
CUST101535,Female,South,Social Media,Fashion,34,39149.72,39,0,8,0.221,2,0.143,4,83.14,293.46,99,0
CUST101536,Male,West,Social Media,Beauty,19,82199.44,52,1,9,0.483,4,0.478,4,106.92,428.04,19,1
CUST101537,Female,East,Referral,Beauty,47,68336.96,33,0,6,0.247,1,0.167,5,101.03,519.36,16,1
CUST101538,Female,South,Organic,Groceries,33,50113.86,19,0,9,0.193,4,0.282,2,82.82,201.01,48,0
CUST101539,Female,West,Other,Electronics,25,54487.27,34,0,7,0.14,2,0.459,9,61.68,461.16,34,0
CUST101540,Female,South,Referral,Beauty,18,41182.0,44,0,7,0.202,1,0.368,2,103.84,197.02,199,0
CUST101541,Female,North,Search,Sports,40,59939.27,11,1,8,0.295,5,0.452,7,91.72,644.08,32,1
CUST101542,Male,East,Search,Sports,63,75868.54,24,0,7,0.282,1,0.106,4,87.96,277.11,120,0
CUST101543,Female,West,Search,Sports,62,27900.95,25,1,10,0.209,0,0.471,5,97.16,495.03,1,0
CUST101544,Male,West,Organic,Fashion,34,62376.29,26,0,4,0.377,0,0.305,7,76.25,500.92,62,0
CUST101545,Male,West,Social Media,Home & Living,32,81365.86,17,0,6,0.581,1,0.084,5,71.09,400.64,204,0
CUST101546,Male,East,Social Media,Fashion,46,46200.52,34,0,4,0.464,3,0.379,5,73.9,354.44,126,0
CUST101547,Female,South,Search,Electronics,27,73819.83,36,0,7,0.48,1,0.288,2,91.95,179.47,301,1
CUST101548,Female,West,Search,Sports,44,179376.7,16,0,5,0.8,2,0.096,5,152.34,704.81,36,1
CUST101549,Male,West,Organic,Home & Living,50,52641.73,59,0,9,0.542,1,0.147,8,53.45,484.91,129,0
CUST101550,Female,North,Organic,Beauty,56,64878.88,13,0,9,0.51,1,0.281,6,99.34,638.32,1,1
CUST101551,Male,North,Referral,Fashion,39,40340.23,19,1,6,0.698,1,0.386,2,102.01,206.37,125,0
CUST101552,Male,West,Referral,Fashion,37,59350.39,13,1,9,0.16,0,0.281,6,100.35,590.84,47,1
CUST101553,Male,West,Other,Groceries,29,66729.51,11,1,11,0.182,2,0.524,11,105.04,1195.46,14,1
CUST101554,Male,West,Social Media,Home & Living,29,59690.15,31,0,6,0.213,1,0.242,6,108.59,682.78,19,1
CUST101555,Male,West,Search,Electronics,37,35839.88,19,0,5,0.075,2,0.154,6,93.75,528.73,70,1
CUST101556,Female,East,Search,Sports,45,59979.64,47,0,4,0.282,0,0.401,6,80.1,444.01,243,0
CUST101557,Female,East,Organic,Fashion,52,101641.86,17,1,12,0.241,0,0.728,2,128.79,217.56,42,0
CUST101558,Male,East,Other,Sports,30,66404.19,19,0,10,0.368,1,0.083,6,88.66,528.41,55,1
CUST101559,Female,North,Referral,Home & Living,59,82382.07,44,0,6,0.399,1,0.14,4,112.7,433.75,55,1
CUST101560,Female,East,Organic,Groceries,36,49788.71,14,1,11,0.217,2,0.214,2,66.94,186.67,10,0
CUST101561,Female,East,Search,Fashion,40,75361.1,22,0,0,0.438,4,0.455,3,88.23,313.67,210,0
CUST101562,Female,East,Social Media,Sports,30,61844.66,59,1,13,0.6,5,0.311,5,103.01,509.54,123,1
CUST101563,Male,East,Social Media,Groceries,18,36890.38,4,0,6,0.365,2,0.324,3,70.13,239.15,71,0
CUST101564,Female,South,Organic,Beauty,51,62872.7,2,0,7,0.59,1,0.397,5,99.34,541.26,1,1
CUST101565,Female,North,Social Media,Beauty,50,36263.82,11,1,8,0.309,2,0.188,5,112.36,665.48,60,0
CUST101566,Male,South,Organic,Electronics,36,42162.17,64,0,11,0.321,1,0.275,7,73.84,552.04,38,1
CUST101567,Male,North,Organic,Sports,41,59552.07,37,0,4,0.288,8,0.123,1,102.02,130.21,27,1
CUST101568,Female,North,Social Media,Fashion,47,62313.36,34,0,12,0.574,1,0.32,3,70.05,103.15,57,1
CUST101569,Male,West,Social Media,Home & Living,20,33376.62,11,1,10,0.238,1,0.506,6,93.35,609.86,15,0
CUST101570,Other,North,Search,Fashion,33,85627.56,30,1,11,0.48,2,0.3,3,71.84,220.93,47,1
CUST101571,Male,South,Search,Sports,50,69935.67,16,1,8,0.695,0,0.458,1,103.52,71.76,42,1
CUST101572,Female,East,Social Media,Fashion,24,40908.88,48,1,5,0.85,0,0.4,7,86.29,568.76,10,0
CUST101573,Male,East,Social Media,Fashion,44,28833.78,49,0,10,0.255,2,0.114,5,107.07,552.36,108,1
CUST101574,Female,North,Social Media,Fashion,22,51752.53,20,0,8,0.4,1,0.218,5,69.87,287.25,111,0
CUST101575,Female,West,Search,Sports,46,45605.89,38,0,11,0.443,2,0.572,5,46.54,185.58,1,1
CUST101576,Male,West,Other,Groceries,40,57676.64,35,1,8,0.806,1,0.553,8,102.64,856.29,65,0
CUST101577,Female,North,Other,Home & Living,19,47220.31,27,0,6,0.407,0,0.277,6,58.05,396.32,18,0
CUST101578,Male,South,Organic,Fashion,55,23669.83,16,1,13,0.48,5,0.073,8,86.12,755.3,41,1
CUST101579,Male,West,Social Media,Beauty,30,46722.58,22,1,15,0.444,6,0.291,5,74.97,325.43,136,1
CUST101580,Male,West,Search,Sports,29,48374.52,47,1,9,0.136,1,0.231,8,83.47,635.03,1,1
CUST101581,Female,East,Referral,Electronics,43,71770.31,59,0,5,0.488,2,0.233,7,52.23,373.74,150,0
CUST101582,Male,North,Search,Groceries,55,41021.21,23,0,10,0.366,1,0.276,10,51.97,564.26,1,1
CUST101583,Male,South,Organic,Groceries,27,111316.39,63,0,6,0.13,1,0.087,12,107.59,1310.67,72,1
CUST101584,Male,East,Search,Fashion,41,24641.8,37,0,9,0.615,1,0.082,6,71.26,436.95,32,1
CUST101585,Female,North,Social Media,Fashion,46,95394.75,27,1,8,0.144,0,0.323,2,87.28,148.35,34,1
CUST101586,Female,South,Organic,Beauty,49,50054.84,25,0,12,0.244,0,0.041,4,74.83,247.65,21,1
CUST101587,Male,East,Referral,Fashion,42,78914.01,17,1,7,0.511,1,0.202,3,109.95,262.27,77,1
CUST101588,Male,South,Other,Beauty,35,56874.65,40,1,10,0.272,2,0.366,8,86.66,676.7,153,0
CUST101589,Female,West,Referral,Home & Living,29,88760.92,69,1,7,0.303,2,0.367,11,109.14,1168.85,28,1
CUST101590,Male,West,Referral,Beauty,41,46741.91,27,0,6,0.45,2,0.748,2,65.85,104.95,45,0
CUST101591,Female,South,Referral,Beauty,26,34671.31,15,0,6,0.294,4,0.365,3,83.51,256.49,14,0
CUST101592,Female,West,Search,Electronics,18,99877.56,44,0,9,0.505,0,0.466,2,90.16,201.52,29,1
CUST101593,Female,North,Search,Home & Living,46,52440.09,22,0,10,0.39,0,0.423,3,91.73,248.9,112,0
CUST101594,Male,West,Social Media,Fashion,52,60363.69,17,0,9,0.266,0,0.081,3,94.38,297.66,97,0
CUST101595,Female,North,Referral,Beauty,18,92381.71,11,0,7,0.092,0,0.312,3,84.56,277.48,50,0
CUST101596,Female,North,Social Media,Home & Living,27,35655.81,39,1,9,0.109,5,0.414,8,75.84,583.22,45,0
CUST101597,Female,East,Search,Beauty,48,70628.9,54,0,10,0.242,1,0.13,4,88.99,330.22,180,0
CUST101598,Male,South,Referral,Sports,67,42930.28,13,0,10,0.119,1,0.212,5,99.07,499.18,155,0
CUST101599,Male,West,Search,Groceries,40,52030.08,24,0,0,0.428,3,0.359,2,114.31,184.35,32,0
CUST101600,Male,South,Social Media,Electronics,31,56695.25,25,1,8,0.299,0,0.296,6,76.39,576.45,175,1
CUST101601,Female,South,Search,Sports,38,29289.82,18,1,8,0.362,2,0.173,10,100.15,1014.95,48,0
CUST101602,Female,East,Organic,Electronics,58,39655.18,62,0,9,0.484,0,0.455,6,78.62,421.6,98,1
CUST101603,Male,South,Organic,Beauty,32,97007.06,10,1,9,0.423,4,0.312,3,103.08,329.2,206,1
CUST101604,Male,South,Referral,Electronics,30,79800.8,37,1,11,0.076,2,0.306,9,103.55,911.04,244,0
CUST101605,Male,East,Referral,Home & Living,34,53571.89,41,1,5,0.564,1,0.574,6,82.1,535.39,65,1
CUST101606,Female,West,Search,Electronics,28,60912.9,18,0,8,0.312,0,0.211,6,76.86,474.82,139,1
CUST101607,Female,West,Organic,Groceries,42,48606.21,15,1,12,0.402,2,0.207,1,124.19,143.48,20,0
CUST101608,Male,West,Social Media,Beauty,61,97231.84,20,0,2,0.377,2,0.217,3,105.8,195.5,157,0
CUST101609,Male,South,Organic,Groceries,44,50561.23,8,1,17,0.24,1,0.257,8,100.62,817.51,39,0
CUST101610,Male,East,Referral,Fashion,37,60624.97,70,0,11,0.274,1,0.18,5,118.23,661.83,111,1
CUST101611,Female,South,Search,Groceries,36,89002.62,21,1,9,0.246,4,0.331,4,135.35,611.66,52,0
CUST101612,Female,East,Organic,Fashion,20,39679.6,22,1,6,0.173,0,0.277,8,78.71,724.5,5,0
CUST101613,Female,South,Social Media,Groceries,51,105850.17,72,0,6,0.123,1,0.41,8,90.83,789.72,10,0
CUST101614,Male,West,Organic,Fashion,39,28920.17,9,1,9,0.271,0,0.481,8,63.53,506.45,34,1
CUST101615,Female,East,Referral,Beauty,38,109047.43,26,0,8,0.127,0,0.313,3,81.49,286.7,90,1
CUST101616,Male,West,Social Media,Fashion,75,47031.12,44,0,12,0.381,1,0.449,8,82.52,658.6,36,0
CUST101617,Female,West,Search,Home & Living,44,49669.93,70,0,5,0.273,1,0.518,8,63.55,535.27,35,1
CUST101618,Male,West,Referral,Groceries,30,24866.68,10,1,11,0.227,2,0.312,5,78.05,433.33,69,1
CUST101619,Female,West,Referral,Fashion,34,45436.67,72,0,3,0.089,3,0.647,8,66.5,535.93,1,0
CUST101620,Female,South,Social Media,Groceries,55,35538.42,24,1,7,0.272,2,0.384,7,83.12,624.08,87,1
CUST101621,Female,South,Other,Home & Living,41,42611.4,24,1,10,0.348,1,0.42,3,86.37,234.42,128,0
CUST101622,Female,South,Social Media,Electronics,21,51917.85,13,1,11,0.383,2,0.015,9,80.67,756.8,98,1
CUST101623,Male,North,Referral,Beauty,52,82237.03,30,1,6,0.301,0,0.186,7,85.85,610.53,139,1
CUST101624,Male,East,Other,Groceries,31,60010.92,72,0,6,0.099,4,0.412,6,90.15,518.78,8,1
CUST101625,Female,East,Organic,Electronics,64,62586.99,30,0,12,0.257,0,0.678,6,115.06,733.68,68,0
CUST101626,Male,East,Organic,Sports,54,34716.5,17,0,11,0.323,1,0.078,2,102.37,140.89,94,1
CUST101627,Male,West,Social Media,Fashion,34,37993.55,19,1,9,0.571,1,0.325,5,100.23,488.83,86,1
CUST101628,Male,West,Organic,Fashion,57,117073.0,19,0,0,0.394,1,0.316,8,105.32,842.94,85,0
CUST101629,Female,North,Organic,Sports,41,40388.65,64,0,15,0.313,0,0.467,8,68.01,610.13,165,1
CUST101630,Male,South,Organic,Beauty,51,110270.96,72,1,9,0.429,4,0.524,11,127.04,1391.99,218,1
CUST101631,Male,South,Referral,Home & Living,46,49662.37,10,0,6,0.444,6,0.331,0,89.77,0.0,89,0
CUST101632,Male,South,Social Media,Beauty,29,55052.88,14,1,7,0.651,1,0.304,8,102.22,867.47,52,1
CUST101633,Male,West,Search,Sports,32,86218.65,15,0,8,0.223,0,0.494,5,126.42,637.59,109,0
CUST101634,Female,East,Organic,Sports,53,93834.07,20,0,8,0.453,4,0.076,4,100.69,367.43,79,0
CUST101635,Other,East,Search,Electronics,36,52498.88,72,0,10,0.323,2,0.596,6,68.75,520.86,146,1
CUST101636,Female,West,Other,Sports,35,46724.61,72,0,4,0.281,4,0.326,5,70.59,394.39,94,0
CUST101637,Male,West,Social Media,Beauty,28,53723.29,29,1,8,0.176,0,0.375,9,91.33,807.63,50,1
CUST101638,Female,North,Referral,Electronics,46,63388.05,22,0,13,0.25,1,0.267,4,78.4,307.77,113,0
CUST101639,Female,East,Other,Groceries,67,79972.33,6,0,8,0.557,2,0.21,4,113.18,401.97,62,1
CUST101640,Male,South,Social Media,Electronics,26,55097.8,32,1,8,0.366,0,0.159,4,101.4,417.3,1,1
CUST101641,Female,South,Organic,Sports,40,71326.32,30,1,6,0.397,3,0.663,5,121.17,647.91,107,1
CUST101642,Female,North,Organic,Groceries,58,109447.42,13,1,10,0.635,1,0.257,3,139.15,336.47,165,0
CUST101643,Female,South,Organic,Home & Living,39,64552.78,36,1,12,0.194,3,0.683,8,49.92,408.8,58,1
CUST101644,Female,South,Social Media,Fashion,46,62691.59,48,1,12,0.765,0,0.213,13,82.31,1005.25,135,0
CUST101645,Male,South,Organic,Beauty,26,29060.81,13,0,6,0.21,2,0.227,5,73.64,353.84,51,1
CUST101646,Male,East,Search,Fashion,46,18218.3,21,1,10,0.289,1,0.45,15,60.72,917.9,156,0
CUST101647,Female,West,Organic,Beauty,38,64744.64,47,0,12,0.439,1,0.195,4,86.13,352.99,30,0
CUST101648,Male,South,Other,Sports,53,52852.61,18,0,10,0.655,1,0.427,6,72.82,544.15,86,0
CUST101649,Male,North,Referral,Sports,55,44306.19,20,0,4,0.187,3,0.038,3,76.8,243.39,27,0
CUST101650,Female,West,Other,Sports,74,60923.31,21,0,0,0.135,4,0.299,2,124.94,224.54,99,1
CUST101651,Female,North,Other,Home & Living,48,53622.22,37,0,8,0.298,2,0.183,5,107.92,497.11,65,1
CUST101652,Male,West,Organic,Electronics,44,88323.03,52,0,10,0.378,6,0.088,4,97.45,364.51,1,0
CUST101653,Female,East,Referral,Fashion,43,57025.57,67,0,4,0.299,0,0.246,6,69.9,436.23,106,1
CUST101654,Female,South,Organic,Beauty,35,40190.29,50,1,9,0.608,3,0.573,13,92.04,1117.28,28,1
CUST101655,Female,South,Other,Groceries,44,83362.87,28,1,8,0.367,0,0.1,3,64.68,139.7,19,1
CUST101656,Male,North,Search,Fashion,36,50206.18,41,1,9,0.577,3,0.311,6,101.78,623.85,123,1
CUST101657,Male,North,Organic,Groceries,42,68612.76,12,1,7,0.137,2,0.173,7,108.03,747.9,44,0
CUST101658,Male,North,Organic,Groceries,57,45007.12,72,0,11,0.315,1,0.222,10,64.16,662.82,33,1
CUST101659,Male,East,Referral,Groceries,27,41863.15,17,1,9,0.227,2,0.199,3,108.83,290.36,82,0
CUST101660,Male,North,Other,Sports,55,56979.06,39,0,4,0.425,3,0.266,8,78.32,599.84,65,0
CUST101661,Male,East,Search,Groceries,57,55297.14,31,0,10,0.283,0,0.134,4,72.47,338.34,43,0
CUST101662,Male,East,Social Media,Electronics,38,67279.83,11,0,3,0.404,4,0.219,5,91.57,487.35,10,1
CUST101663,Female,South,Referral,Electronics,18,49131.58,17,0,11,0.111,0,0.063,5,53.33,198.3,11,1
CUST101664,Male,North,Organic,Home & Living,32,25433.37,54,0,10,0.304,1,0.447,5,56.71,204.7,27,0
CUST101665,Female,North,Other,Home & Living,57,45858.85,26,0,11,0.341,2,0.123,2,91.97,137.3,38,1
CUST101666,Female,North,Organic,Beauty,40,76764.09,15,0,6,0.242,4,0.226,3,84.09,225.79,8,1
CUST101667,Male,East,Other,Fashion,27,48542.28,24,0,5,0.26,0,0.361,3,104.51,355.75,69,1
CUST101668,Female,South,Referral,Home & Living,33,49593.12,15,0,7,0.386,1,0.795,8,52.97,367.66,142,1
CUST101669,Female,West,Organic,Beauty,51,83230.29,20,1,9,0.616,1,0.09,7,106.95,781.84,35,1
CUST101670,Male,South,Search,Sports,47,40784.59,9,0,5,0.54,5,0.116,4,99.37,380.59,48,1
CUST101671,Female,South,Other,Sports,37,28770.65,28,0,5,0.514,3,0.782,4,88.94,349.41,74,0
CUST101672,Male,East,Other,Fashion,35,51411.82,31,1,8,0.186,2,0.207,5,77.58,368.16,161,0
CUST101673,Female,East,Organic,Groceries,35,44879.46,20,1,5,0.483,0,0.061,5,120.62,618.09,85,0
CUST101674,Male,South,Organic,Fashion,28,36653.53,54,0,9,0.436,0,0.331,6,41.45,293.26,49,0
CUST101675,Female,North,Search,Fashion,61,51094.37,21,1,9,0.254,3,0.262,12,95.69,1115.86,54,1
CUST101676,Male,East,Search,Sports,36,67610.65,26,0,6,0.341,1,0.287,6,104.45,676.51,268,0
CUST101677,Female,South,Social Media,Home & Living,56,54785.85,20,0,3,0.07,0,0.251,6,110.27,699.7,75,1
CUST101678,Male,South,Organic,Sports,60,62568.71,22,0,3,0.636,1,0.254,5,75.84,366.38,335,0
CUST101679,Female,East,Other,Groceries,53,117797.19,42,1,15,0.362,2,0.607,7,120.24,812.41,8,1
CUST101680,Female,South,Search,Electronics,34,47623.39,12,0,5,0.406,2,0.218,4,94.62,441.59,56,0
CUST101681,Male,East,Social Media,Electronics,45,61820.78,36,1,11,0.402,4,0.079,8,92.92,730.99,80,1
CUST101682,Female,East,Search,Fashion,40,44409.95,18,0,8,0.316,1,0.458,12,59.16,700.98,36,0
CUST101683,Male,East,Referral,Groceries,28,38546.38,13,1,0,0.286,1,0.095,5,52.64,282.15,92,0
CUST101684,Female,East,Other,Beauty,44,43020.29,23,0,13,0.345,1,0.203,4,69.33,312.01,41,1
CUST101685,Female,East,Search,Electronics,25,44981.65,64,0,9,0.107,0,0.42,0,67.09,60.62,205,0
CUST101686,Female,East,Social Media,Home & Living,55,63963.53,39,1,6,0.426,2,0.35,4,85.52,365.6,92,1
CUST101687,Female,West,Other,Fashion,34,147517.23,22,1,9,0.463,0,0.112,9,156.71,1417.02,21,1
CUST101688,Male,South,Search,Sports,43,40714.93,16,0,3,0.761,3,0.132,7,90.04,640.79,214,0
CUST101689,Male,South,Search,Groceries,44,46170.94,72,1,15,0.257,3,0.281,11,85.03,879.63,73,1
CUST101690,Male,West,Organic,Electronics,37,53561.02,33,1,6,0.364,2,0.423,11,87.03,943.67,68,0
CUST101691,Female,East,Organic,Sports,48,64946.81,29,0,5,0.556,1,0.562,4,86.85,303.31,295,0
CUST101692,Male,North,Organic,Beauty,34,61437.75,38,1,6,0.344,1,0.266,5,103.73,555.87,365,1
CUST101693,Female,West,Organic,Groceries,51,94316.24,41,1,9,0.353,4,0.486,5,89.36,417.56,197,0
CUST101694,Female,North,Organic,Groceries,23,19850.88,21,0,11,0.388,2,0.525,5,50.49,303.68,34,1
CUST101695,Male,East,Referral,Electronics,42,20182.64,45,0,13,0.175,0,0.4,5,72.1,338.93,30,1
CUST101696,Female,West,Referral,Beauty,65,44659.38,11,0,6,0.557,1,0.087,5,37.24,156.03,13,1
CUST101697,Male,West,Referral,Home & Living,27,87199.56,40,0,8,0.615,6,0.193,6,77.74,433.19,48,0
CUST101698,Male,North,Organic,Electronics,31,28495.92,22,0,7,0.526,2,0.219,6,88.88,469.25,53,1
CUST101699,Female,East,Organic,Fashion,47,18000.0,55,0,4,0.237,1,0.494,6,87.24,485.84,102,0
CUST101700,Male,South,Search,Home & Living,42,69911.39,21,1,17,0.484,1,0.285,5,69.01,311.8,1,1
CUST101701,Male,South,Search,Fashion,45,60926.56,49,0,11,0.251,4,0.579,4,85.58,386.75,80,0
CUST101702,Female,North,Referral,Beauty,46,34794.02,34,1,9,0.393,3,0.486,7,62.87,427.02,13,1
CUST101703,Male,East,Search,Groceries,48,36357.72,72,0,12,0.293,2,0.452,5,65.98,321.24,44,1
CUST101704,Other,South,Social Media,Beauty,54,36599.73,44,0,11,0.17,0,0.319,7,69.98,471.6,16,0
CUST101705,Other,North,Referral,Groceries,45,57613.56,29,1,9,0.269,3,0.22,4,106.2,471.39,12,1
CUST101706,Male,East,Search,Fashion,37,42278.59,8,1,10,0.223,0,0.306,5,103.88,527.15,23,1
CUST101707,Male,East,Other,Electronics,49,67683.34,52,0,12,0.204,0,0.469,2,81.71,122.1,1,0
CUST101708,Female,West,Social Media,Sports,65,18000.0,54,0,4,0.182,1,0.389,3,50.32,91.98,51,0
CUST101709,Male,West,Referral,Sports,38,38376.89,23,0,12,0.604,7,0.18,10,45.42,430.89,59,1
CUST101710,Male,South,Search,Beauty,27,34274.12,18,1,8,0.418,0,0.07,3,102.06,360.67,39,1
CUST101711,Female,West,Organic,Beauty,54,49386.15,46,0,12,0.205,0,0.3,6,80.61,477.0,233,0
CUST101712,Male,West,Search,Fashion,38,43875.37,34,1,9,0.531,5,0.298,7,83.93,639.89,48,1
CUST101713,Female,South,Other,Electronics,18,76893.98,26,1,10,0.189,1,0.375,5,73.6,445.39,36,1
CUST101714,Male,North,Search,Sports,51,25189.11,37,0,7,0.2,0,0.342,3,92.96,366.71,6,0
CUST101715,Male,South,Other,Groceries,33,56060.96,23,0,5,0.521,1,0.352,3,93.72,266.66,107,0
CUST101716,Male,South,Referral,Fashion,39,69535.3,54,0,6,0.268,2,0.518,6,81.19,449.08,75,1
CUST101717,Female,East,Other,Electronics,44,119956.01,24,0,11,0.288,2,0.489,3,91.1,308.46,186,0
CUST101718,Female,East,Search,Electronics,42,44924.87,46,0,0,0.214,0,0.337,8,84.35,625.16,136,0
CUST101719,Female,East,Organic,Fashion,49,63029.68,29,0,3,0.473,1,0.435,3,55.77,167.96,18,1
CUST101720,Male,East,Search,Sports,34,25782.88,35,1,6,0.396,1,0.245,6,89.17,494.64,4,1
CUST101721,Male,North,Organic,Home & Living,47,20140.07,72,0,4,0.491,3,0.348,1,68.16,49.12,142,0
CUST101722,Male,West,Organic,Home & Living,37,78424.66,21,1,14,0.614,6,0.472,6,102.86,612.68,1,1
CUST101723,Male,South,Social Media,Home & Living,50,54871.71,45,0,11,0.099,2,0.372,6,85.91,494.64,56,1
CUST101724,Female,West,Organic,Home & Living,48,90225.18,63,0,9,0.167,2,0.035,2,113.75,260.75,13,1
CUST101725,Female,North,Social Media,Groceries,28,30892.21,44,1,7,0.487,1,0.278,4,97.13,399.26,40,0
CUST101726,Male,West,Referral,Fashion,54,68421.84,56,1,13,0.168,0,0.758,4,119.12,432.62,112,0
CUST101727,Female,North,Organic,Sports,33,120570.75,31,0,2,0.373,2,0.065,6,107.19,603.25,149,0
CUST101728,Male,North,Other,Fashion,51,65602.22,42,1,16,0.48,2,0.369,8,97.23,748.62,78,1
CUST101729,Female,North,Referral,Fashion,45,61774.92,49,1,7,0.214,1,0.323,7,83.65,643.86,46,1
CUST101730,Male,East,Search,Fashion,64,55198.0,29,1,8,0.419,6,0.419,7,87.76,647.23,49,1
CUST101731,Male,West,Search,Groceries,37,28433.36,72,0,6,0.48,3,0.539,4,80.48,232.48,135,0
CUST101732,Male,South,Search,Fashion,35,97190.58,17,1,5,0.296,0,0.163,5,106.03,543.71,1,1
CUST101733,Male,West,Other,Electronics,40,42553.96,15,1,15,0.315,2,0.398,8,109.77,991.27,1,1
CUST101734,Female,East,Search,Groceries,36,67980.18,67,1,11,0.075,1,0.139,4,91.55,380.4,49,1
CUST101735,Male,East,Referral,Home & Living,50,28527.22,61,1,13,0.423,2,0.376,2,59.57,115.57,62,1
CUST101736,Male,West,Social Media,Beauty,19,33513.89,19,1,5,0.136,3,0.244,3,82.12,217.87,164,0
CUST101737,Female,South,Organic,Home & Living,26,100491.17,56,0,8,0.029,1,0.078,3,113.35,295.21,40,1
CUST101738,Female,South,Search,Fashion,26,47535.0,37,0,9,0.349,2,0.343,1,87.35,99.25,185,1
CUST101739,Female,West,Other,Electronics,52,101261.76,30,0,8,0.433,0,0.414,3,111.94,245.09,123,0
CUST101740,Male,West,Search,Beauty,62,53222.24,18,0,3,0.16,1,0.331,3,107.3,291.61,52,0
CUST101741,Female,West,Social Media,Groceries,39,25374.28,27,0,10,0.394,0,0.104,4,77.4,308.16,17,1
CUST101742,Female,West,Search,Beauty,38,79998.0,16,1,9,0.633,0,0.168,8,70.85,616.6,1,1
CUST101743,Male,North,Social Media,Sports,41,42930.32,24,0,4,0.224,0,0.635,6,95.43,503.98,114,0
CUST101744,Male,West,Other,Sports,55,73757.49,16,1,3,0.654,1,0.196,7,107.6,733.45,119,0
CUST101745,Male,South,Organic,Home & Living,28,55585.47,12,1,11,0.757,0,0.093,2,87.18,202.48,19,1
CUST101746,Male,West,Organic,Groceries,43,28766.85,56,0,15,0.372,1,0.213,4,53.76,206.31,23,1
CUST101747,Male,South,Search,Fashion,53,58929.22,26,1,6,0.525,1,0.27,7,82.48,635.65,113,0
CUST101748,Male,East,Social Media,Groceries,47,138344.49,36,0,8,0.402,1,0.359,5,81.95,434.35,40,1
CUST101749,Female,East,Organic,Electronics,42,67652.72,21,1,12,0.33,1,0.436,7,87.49,575.99,15,0
CUST101750,Female,South,Organic,Fashion,53,53687.26,25,1,5,0.271,1,0.213,7,84.18,590.47,157,1
CUST101751,Female,North,Referral,Fashion,18,86399.11,16,0,5,0.55,6,0.262,2,87.49,138.6,15,1
CUST101752,Female,West,Other,Groceries,49,60088.23,68,0,4,0.413,2,0.343,9,116.39,1043.92,12,1
CUST101753,Male,West,Search,Electronics,31,60059.61,6,0,10,0.188,1,0.417,5,100.98,512.84,365,0
CUST101754,Female,North,Referral,Electronics,18,34773.33,47,1,13,0.43,3,0.375,5,80.28,431.63,1,1
CUST101755,Female,West,Organic,Beauty,47,60676.07,20,1,9,0.336,1,0.309,7,82.37,585.98,40,1
CUST101756,Male,East,Referral,Beauty,58,84963.3,16,0,4,0.271,1,0.464,3,78.51,182.34,172,0
CUST101757,Female,South,Organic,Beauty,38,38713.45,11,1,7,0.521,0,0.347,7,105.28,648.57,51,1
CUST101758,Other,South,Organic,Beauty,52,100045.13,31,0,5,0.114,3,0.408,2,79.91,183.28,6,0
CUST101759,Female,West,Other,Electronics,61,52921.87,44,0,4,0.475,1,0.15,3,67.74,108.47,60,0
CUST101760,Female,East,Other,Fashion,57,37881.77,42,1,8,0.366,2,0.187,7,136.67,964.1,68,1
CUST101761,Male,East,Organic,Electronics,61,83624.68,22,0,9,0.3,2,0.558,5,95.94,437.12,141,0
CUST101762,Male,East,Organic,Sports,50,48758.5,25,1,10,0.32,1,0.375,6,129.91,777.79,47,0
CUST101763,Male,North,Referral,Sports,41,75666.04,15,1,9,0.554,4,0.637,4,93.36,366.0,1,1
CUST101764,Female,South,Referral,Fashion,19,48656.95,17,1,9,0.389,7,0.271,3,107.23,334.68,55,1
CUST101765,Female,North,Organic,Fashion,37,53635.23,56,0,7,0.303,4,0.136,2,87.84,175.21,35,1
CUST101766,Other,North,Referral,Home & Living,29,67669.02,8,0,3,0.619,2,0.68,3,73.38,249.79,238,0
CUST101767,Male,East,Organic,Beauty,68,62147.46,8,0,8,0.415,2,0.419,1,77.67,88.35,77,0
CUST101768,Male,West,Social Media,Sports,38,23788.68,19,1,7,0.299,1,0.5,8,40.78,375.59,61,1
CUST101769,Female,South,Social Media,Fashion,42,34343.43,67,1,4,0.382,1,0.168,7,67.53,449.63,76,1
CUST101770,Female,North,Search,Fashion,47,81262.56,29,0,8,0.423,1,0.522,7,107.54,703.26,21,1
CUST101771,Male,East,Referral,Sports,41,52030.8,72,1,7,0.256,5,0.243,8,90.08,731.64,39,0
CUST101772,Female,West,Other,Beauty,62,44139.98,24,0,8,0.211,3,0.552,5,75.67,373.33,89,1
CUST101773,Female,East,Other,Beauty,32,31085.21,42,0,10,0.205,2,0.107,5,71.75,374.73,131,1
CUST101774,Female,West,Organic,Groceries,43,34947.39,52,0,4,0.299,0,0.239,4,95.06,376.67,144,0
CUST101775,Female,East,Organic,Beauty,30,23527.68,72,0,7,0.228,2,0.52,5,45.79,274.4,111,0
CUST101776,Male,West,Search,Sports,23,52709.48,20,0,1,0.157,3,0.404,4,85.36,361.89,202,0
CUST101777,Other,North,Organic,Fashion,32,42776.52,29,0,12,0.11,0,0.053,4,50.95,148.43,57,0
CUST101778,Female,South,Referral,Fashion,40,36648.27,26,1,4,0.619,0,0.25,8,35.65,266.24,83,1
CUST101779,Male,South,Search,Home & Living,34,53448.65,44,1,7,0.405,0,0.401,6,79.06,480.92,52,0
CUST101780,Male,East,Search,Fashion,31,64084.39,63,0,11,0.574,1,0.474,3,76.39,210.31,94,1
CUST101781,Female,West,Referral,Groceries,22,132485.91,63,1,8,0.504,1,0.178,9,108.86,951.39,109,1
CUST101782,Male,West,Search,Beauty,39,29146.71,20,1,5,0.182,2,0.101,8,81.0,704.9,8,1
CUST101783,Male,North,Other,Home & Living,20,89503.1,17,0,9,0.277,1,0.137,7,100.69,738.22,34,1
CUST101784,Female,North,Organic,Groceries,50,82767.53,42,1,11,0.478,3,0.103,4,90.96,330.01,69,1
CUST101785,Male,South,Search,Groceries,41,39650.92,14,1,7,0.404,2,0.543,9,62.96,606.41,14,1
CUST101786,Female,South,Organic,Sports,21,59900.95,45,1,7,0.406,0,0.215,8,108.47,903.12,14,1
CUST101787,Male,East,Organic,Sports,36,45382.53,29,1,7,0.609,2,0.353,3,110.54,357.78,23,1
CUST101788,Female,West,Search,Sports,30,59461.1,58,1,8,0.604,0,0.288,6,94.83,499.95,2,1
CUST101789,Male,West,Organic,Groceries,44,103665.38,53,0,1,0.253,1,0.201,5,110.37,558.59,26,0
CUST101790,Male,East,Organic,Fashion,57,70929.6,31,1,8,0.283,1,0.18,5,119.84,554.61,12,1
CUST101791,Male,West,Organic,Beauty,18,68098.06,13,0,13,0.403,0,0.497,4,101.28,395.93,14,1
CUST101792,Female,East,Search,Home & Living,41,45906.34,14,1,6,0.411,2,0.219,5,67.42,387.67,5,1
CUST101793,Female,North,Social Media,Home & Living,38,29489.36,30,0,5,0.113,1,0.339,4,70.39,263.52,97,0
CUST101794,Male,East,Organic,Electronics,49,50389.18,38,0,3,0.407,1,0.23,4,54.77,211.84,83,0
CUST101795,Female,East,Search,Groceries,43,91296.15,24,1,11,0.372,2,0.337,7,110.48,709.62,138,1
CUST101796,Female,East,Organic,Groceries,30,28960.21,16,0,11,0.223,0,0.536,3,83.28,255.9,32,0
CUST101797,Other,North,Search,Home & Living,36,35311.04,24,1,13,0.731,2,0.223,4,59.48,300.85,1,1
CUST101798,Male,South,Referral,Beauty,30,57995.51,58,0,3,0.548,0,0.171,4,94.51,471.34,31,0
CUST101799,Female,South,Search,Groceries,54,36371.23,24,1,10,0.593,2,0.253,6,106.21,678.37,135,1
CUST101800,Male,West,Other,Electronics,40,39427.89,20,0,12,0.402,2,0.262,7,105.63,720.35,141,0
CUST101801,Male,South,Other,Beauty,65,46035.91,14,0,9,0.243,1,0.29,4,84.46,358.9,96,1
CUST101802,Female,West,Organic,Electronics,39,30993.39,28,0,9,0.263,0,0.029,5,84.13,399.61,23,1
CUST101803,Female,West,Social Media,Sports,31,36532.49,53,1,7,0.256,2,0.051,2,107.27,221.75,30,0
CUST101804,Male,South,Organic,Sports,20,73904.44,54,1,10,0.185,1,0.244,5,72.54,386.0,64,1
CUST101805,Male,East,Other,Groceries,18,31760.96,17,1,13,0.678,3,0.206,5,76.05,318.26,35,0
CUST101806,Female,West,Referral,Groceries,19,28112.85,31,1,10,0.689,2,0.494,10,54.34,577.83,83,1
CUST101807,Female,South,Referral,Home & Living,43,42212.77,19,1,5,0.37,0,0.374,4,89.31,376.44,146,1
CUST101808,Male,West,Organic,Fashion,47,74795.26,23,1,7,0.639,2,0.221,5,96.8,450.38,100,1
CUST101809,Female,North,Organic,Fashion,19,50634.14,27,0,11,0.231,1,0.3,5,65.92,239.86,48,1
CUST101810,Male,North,Social Media,Home & Living,52,45250.29,21,0,8,0.1,2,0.464,2,94.91,199.06,221,0
CUST101811,Male,West,Other,Sports,34,56034.29,3,0,7,0.571,1,0.251,4,69.4,309.17,164,0
CUST101812,Female,West,Search,Sports,42,26420.39,68,0,5,0.295,1,0.712,4,67.57,255.42,1,0
CUST101813,Male,West,Social Media,Fashion,61,67701.58,20,0,11,0.309,0,0.422,4,114.05,441.6,9,1
CUST101814,Male,East,Social Media,Electronics,52,64610.43,19,0,12,0.202,5,0.51,3,126.94,406.07,18,0
CUST101815,Female,West,Organic,Electronics,37,46313.04,17,1,13,0.549,1,0.368,4,114.22,428.19,31,1
CUST101816,Female,West,Organic,Fashion,28,83916.43,10,1,13,0.622,1,0.104,10,104.1,1071.88,127,1
CUST101817,Male,West,Organic,Sports,18,34253.37,69,1,8,0.458,1,0.165,14,92.7,1285.38,13,1
CUST101818,Female,East,Referral,Fashion,31,88327.81,29,1,7,0.354,2,0.352,3,106.96,331.12,35,1
CUST101819,Female,South,Organic,Sports,37,58687.13,38,0,6,0.301,1,0.089,7,48.36,353.68,92,1
CUST101820,Male,West,Organic,Fashion,27,47750.1,35,0,7,0.263,1,0.169,10,49.34,563.69,49,1
CUST101821,Female,South,Organic,Groceries,38,54542.83,21,0,12,0.563,2,0.279,9,78.47,718.58,148,0
CUST101822,Male,East,Organic,Home & Living,41,52577.17,29,0,11,0.424,2,0.202,5,118.23,550.35,68,1
CUST101823,Male,South,Other,Fashion,37,91822.01,43,0,9,0.246,4,0.218,4,74.94,275.84,69,1
CUST101824,Female,East,Organic,Fashion,32,34992.3,11,1,4,0.284,1,0.638,5,96.38,457.85,52,0
CUST101825,Female,South,Search,Fashion,42,39927.89,23,0,2,0.143,2,0.179,2,57.01,137.29,30,0
CUST101826,Male,North,Search,Electronics,46,84993.98,25,1,10,0.248,0,0.431,6,120.66,721.32,61,1
CUST101827,Male,West,Search,Groceries,26,42828.7,21,1,12,0.167,2,0.5,10,94.54,944.99,1,1
CUST101828,Male,South,Organic,Fashion,58,80282.93,20,0,7,0.273,1,0.25,2,74.86,203.22,95,1
CUST101829,Male,East,Referral,Beauty,39,112291.29,32,0,13,0.381,1,0.398,8,106.14,888.65,145,0
CUST101830,Male,North,Organic,Sports,40,46459.42,60,1,5,0.582,4,0.179,7,101.05,694.45,67,1
CUST101831,Male,North,Referral,Groceries,49,73222.69,37,0,3,0.627,0,0.578,3,97.02,368.61,95,0
CUST101832,Female,South,Organic,Electronics,43,33878.56,17,0,5,0.14,1,0.432,2,99.09,299.71,48,1
CUST101833,Male,East,Search,Beauty,52,75514.23,72,0,5,0.475,4,0.241,10,107.34,1035.42,154,0
CUST101834,Male,North,Search,Electronics,44,59805.12,60,0,9,0.265,2,0.032,6,120.19,697.17,54,0
CUST101835,Female,West,Search,Beauty,32,67088.27,21,0,6,0.329,1,0.407,1,115.0,66.36,97,0
CUST101836,Female,North,Referral,Beauty,45,41938.02,60,1,4,0.31,0,0.134,7,97.91,748.79,45,0
CUST101837,Male,North,Referral,Fashion,25,27376.31,32,0,10,0.431,1,0.238,5,85.68,389.92,80,1
CUST101838,Male,North,Social Media,Sports,41,67945.03,13,0,1,0.15,2,0.418,3,85.22,233.15,52,0
CUST101839,Female,North,Organic,Home & Living,40,23120.13,56,0,4,0.454,0,0.25,9,80.59,833.07,108,0
CUST101840,Male,West,Social Media,Sports,37,48136.75,17,1,4,0.283,0,0.408,7,101.19,751.2,1,0
CUST101841,Male,West,Social Media,Fashion,38,81665.33,38,0,8,0.248,0,0.286,5,83.26,404.44,103,0
CUST101842,Female,East,Referral,Beauty,18,59616.37,31,0,8,0.159,2,0.219,2,107.91,214.44,218,0
CUST101843,Male,North,Referral,Home & Living,33,124665.87,40,1,15,0.26,1,0.048,5,108.02,460.44,100,0
CUST101844,Male,South,Referral,Fashion,41,84595.33,72,0,10,0.729,0,0.471,4,100.38,398.61,56,0
CUST101845,Male,South,Organic,Sports,42,41791.62,28,0,12,0.272,0,0.346,6,76.86,471.54,46,0
CUST101846,Male,West,Organic,Electronics,27,55634.57,13,0,8,0.758,1,0.603,4,107.69,382.39,100,0
CUST101847,Male,South,Organic,Electronics,56,53916.55,19,1,6,0.295,1,0.063,4,71.08,294.44,26,1
CUST101848,Other,East,Organic,Sports,29,28298.79,13,1,9,0.167,1,0.144,9,57.13,606.52,44,1
CUST101849,Male,South,Search,Sports,53,37053.6,10,0,9,0.275,0,0.281,6,70.52,489.31,20,0
CUST101850,Male,South,Social Media,Sports,46,43458.81,52,0,9,0.299,2,0.22,5,74.92,445.59,129,0
CUST101851,Male,South,Organic,Home & Living,32,23385.6,31,0,5,0.56,2,0.219,4,72.17,275.44,64,0
CUST101852,Female,North,Other,Electronics,63,56108.11,26,1,10,0.632,3,0.139,8,75.38,585.53,65,0
CUST101853,Female,West,Other,Fashion,24,49537.16,22,1,6,0.244,3,0.313,7,90.87,662.41,12,1
CUST101854,Male,South,Other,Home & Living,52,27240.85,46,1,5,0.244,2,0.369,4,62.21,224.69,93,0
CUST101855,Female,East,Social Media,Electronics,53,65176.74,64,1,5,0.433,3,0.255,3,101.5,336.41,39,1
CUST101856,Male,North,Referral,Beauty,31,74291.74,17,1,9,0.374,1,0.546,10,118.19,1225.68,58,0
CUST101857,Male,West,Organic,Groceries,58,60502.68,37,1,5,0.18,0,0.411,3,114.12,440.99,52,0
CUST101858,Male,North,Search,Electronics,37,48001.13,50,1,7,0.45,1,0.194,7,82.78,520.36,149,1
CUST101859,Male,West,Search,Fashion,44,70508.9,33,0,10,0.269,1,0.2,6,79.73,525.77,16,1
CUST101860,Male,West,Social Media,Groceries,43,73187.58,44,0,4,0.237,2,0.213,2,137.62,253.66,209,1
CUST101861,Female,West,Other,Home & Living,38,62579.81,13,0,5,0.641,0,0.343,3,98.83,364.83,48,0
CUST101862,Male,South,Search,Beauty,51,38900.07,65,0,7,0.322,1,0.281,4,93.13,389.1,10,1
CUST101863,Female,East,Referral,Beauty,50,61775.42,46,1,10,0.749,2,0.272,5,115.32,583.3,53,1
CUST101864,Male,South,Organic,Groceries,18,90870.47,39,0,5,0.31,1,0.423,4,101.57,449.46,66,1
CUST101865,Male,North,Organic,Fashion,57,42809.03,48,1,11,0.336,4,0.568,8,102.37,863.21,4,0
CUST101866,Male,South,Search,Electronics,18,132750.01,24,0,9,0.135,1,0.567,7,112.39,770.22,351,0
CUST101867,Female,North,Search,Groceries,53,44104.78,15,1,12,0.297,0,0.237,5,97.55,492.62,132,1
CUST101868,Male,West,Social Media,Electronics,55,55753.72,13,0,7,0.232,3,0.368,6,83.29,473.12,160,1
CUST101869,Female,North,Search,Fashion,26,41466.64,11,0,5,0.529,4,0.434,8,74.77,605.13,157,0
CUST101870,Male,East,Other,Groceries,35,60407.12,37,0,5,0.144,0,0.214,6,112.47,717.34,49,1
CUST101871,Male,East,Search,Groceries,26,26459.1,22,1,10,0.676,2,0.449,7,94.22,729.29,284,1
CUST101872,Male,East,Social Media,Electronics,37,43728.31,63,0,6,0.117,0,0.353,8,64.94,437.33,104,0
CUST101873,Male,East,Organic,Beauty,36,34766.08,56,0,5,0.439,0,0.386,6,93.06,610.25,76,1
CUST101874,Male,North,Social Media,Groceries,50,58216.88,46,0,6,0.191,5,0.505,3,86.75,294.6,35,0
CUST101875,Male,East,Search,Electronics,57,83512.9,40,1,7,0.522,0,0.563,7,93.31,600.48,59,1
CUST101876,Female,South,Organic,Home & Living,58,72143.4,19,0,8,0.302,2,0.274,5,102.44,441.07,54,0
CUST101877,Male,West,Organic,Electronics,33,20312.5,21,1,4,0.417,4,0.371,7,63.17,443.19,88,0
CUST101878,Female,West,Other,Home & Living,37,129671.25,19,0,8,0.159,0,0.426,5,93.56,464.6,38,1
CUST101879,Male,West,Organic,Electronics,18,62261.97,15,0,9,0.481,3,0.3,8,104.57,839.28,145,0
CUST101880,Female,North,Referral,Home & Living,30,39694.14,27,1,7,0.274,1,0.122,1,62.59,131.71,40,0
CUST101881,Female,South,Referral,Electronics,53,58752.1,50,0,13,0.148,1,0.234,4,92.63,302.68,55,1
CUST101882,Male,North,Search,Sports,61,59224.36,26,1,9,0.704,3,0.136,3,115.03,294.9,34,0
CUST101883,Male,North,Social Media,Fashion,24,41564.93,18,0,2,0.578,1,0.168,1,60.97,0.0,85,1
CUST101884,Female,South,Referral,Sports,32,59767.27,26,1,8,0.577,1,0.26,5,111.95,612.39,98,0
CUST101885,Female,East,Referral,Groceries,40,42614.51,32,1,9,0.18,0,0.382,4,99.34,429.17,236,0
CUST101886,Male,North,Other,Electronics,44,46409.36,21,1,10,0.31,0,0.291,4,152.44,617.14,37,1
CUST101887,Male,East,Social Media,Sports,29,41227.11,27,0,6,0.092,3,0.321,4,79.73,295.93,55,0
CUST101888,Female,West,Social Media,Electronics,46,30132.71,72,0,4,0.284,1,0.359,7,111.2,769.38,71,0
CUST101889,Male,East,Referral,Home & Living,34,58474.13,11,1,5,0.472,2,0.149,9,70.72,619.41,17,0
CUST101890,Female,South,Organic,Electronics,40,70327.22,6,1,7,0.528,0,0.579,6,83.86,531.36,1,1
CUST101891,Male,South,Referral,Groceries,47,68277.77,30,0,5,0.28,1,0.152,3,111.07,419.57,32,0
CUST101892,Male,South,Social Media,Sports,40,77610.43,36,0,3,0.177,0,0.064,6,82.67,446.77,18,1
CUST101893,Female,North,Organic,Groceries,34,63026.55,26,0,5,0.32,1,0.55,4,77.65,291.41,47,0
CUST101894,Female,East,Organic,Fashion,39,43973.56,15,1,11,0.26,2,0.205,4,122.56,479.97,44,0
CUST101895,Male,South,Organic,Sports,39,78256.51,62,0,12,0.548,2,0.279,13,104.91,1248.42,7,1
CUST101896,Male,West,Referral,Sports,35,31099.0,29,0,9,0.361,2,0.303,6,84.99,549.47,55,0
CUST101897,Female,West,Social Media,Home & Living,37,37677.05,31,0,11,0.336,1,0.17,5,83.19,419.65,71,1
CUST101898,Female,East,Organic,Fashion,61,36685.04,45,0,10,0.575,2,0.194,10,90.61,923.94,110,0
CUST101899,Male,South,Search,Groceries,47,86570.29,26,0,10,0.392,0,0.175,2,66.13,105.76,40,0
CUST101900,Female,North,Other,Fashion,36,81720.46,24,1,8,0.213,0,0.392,8,104.14,851.07,19,1
CUST101901,Female,West,Organic,Fashion,49,67491.48,62,0,7,0.219,0,0.083,3,78.91,230.35,24,0
CUST101902,Female,South,Search,Sports,36,86275.33,9,1,7,0.434,0,0.214,4,121.05,487.42,52,1
CUST101903,Female,North,Other,Fashion,55,38017.04,35,0,6,0.212,1,0.191,7,69.85,538.51,92,1
CUST101904,Male,North,Other,Groceries,45,63671.89,33,0,7,0.387,0,0.328,4,79.05,332.75,67,1
CUST101905,Female,North,Organic,Groceries,39,52183.16,22,0,9,0.488,3,0.21,4,58.98,168.65,48,0
CUST101906,Female,West,Organic,Sports,46,78494.12,26,1,10,0.311,5,0.458,6,113.84,679.04,241,0
CUST101907,Male,North,Organic,Home & Living,20,52401.7,59,1,8,0.243,0,0.097,9,112.53,1066.71,74,1
CUST101908,Male,East,Social Media,Beauty,25,46789.42,17,0,7,0.108,1,0.009,4,61.95,238.9,40,0
CUST101909,Male,South,Social Media,Groceries,24,69028.18,44,0,8,0.424,4,0.318,3,73.57,254.84,58,0
CUST101910,Female,East,Search,Sports,42,79465.6,29,1,11,0.289,0,0.277,8,119.69,1026.92,1,0
CUST101911,Male,West,Referral,Beauty,63,41538.81,41,1,4,0.541,0,0.318,10,92.56,965.14,101,1
CUST101912,Female,West,Organic,Electronics,69,53607.09,36,0,4,0.145,3,0.283,3,95.25,308.68,50,1
CUST101913,Female,South,Search,Electronics,48,35261.37,6,1,12,0.424,0,0.009,6,97.14,592.68,38,0
CUST101914,Female,North,Search,Electronics,47,19262.26,17,0,7,0.365,0,0.287,7,69.44,476.06,97,0
CUST101915,Female,South,Social Media,Groceries,18,59831.14,18,0,6,0.098,1,0.391,8,74.11,588.28,101,0
CUST101916,Other,East,Referral,Sports,33,71027.95,15,0,6,0.267,0,0.298,5,71.73,421.25,122,0
CUST101917,Male,East,Referral,Fashion,30,61399.47,20,0,6,0.331,1,0.348,4,65.84,293.82,3,0
CUST101918,Female,East,Referral,Groceries,32,24252.44,31,1,11,0.401,1,0.289,8,45.63,358.2,27,0
CUST101919,Male,North,Organic,Home & Living,38,47464.23,48,0,3,0.424,1,0.093,0,84.06,0.0,30,0
CUST101920,Female,East,Organic,Sports,34,21663.46,12,1,9,0.542,1,0.444,6,82.02,495.93,80,1
CUST101921,Male,North,Organic,Beauty,18,97769.01,29,1,10,0.248,3,0.42,8,110.12,895.75,83,1
CUST101922,Other,West,Referral,Fashion,50,34854.78,34,0,8,0.454,2,0.053,3,95.67,271.03,42,0
CUST101923,Female,South,Organic,Electronics,26,93186.49,53,0,8,0.223,3,0.558,6,98.25,537.26,131,1
CUST101924,Female,East,Organic,Electronics,43,81826.28,66,1,10,0.479,2,0.15,9,77.39,720.56,55,1
CUST101925,Male,North,Social Media,Electronics,67,37678.33,25,0,5,0.419,1,0.421,5,72.6,344.79,197,1
CUST101926,Male,South,Referral,Fashion,28,34177.36,16,0,4,0.512,0,0.191,4,56.16,197.17,8,0
CUST101927,Female,East,Search,Groceries,18,63719.37,35,0,15,0.141,4,0.388,5,64.49,302.8,53,1
CUST101928,Male,North,Social Media,Electronics,36,38579.35,16,0,6,0.275,5,0.583,4,87.7,321.35,61,0
CUST101929,Female,West,Search,Electronics,54,57419.08,34,1,8,0.269,1,0.497,2,97.83,228.87,16,0
CUST101930,Male,East,Other,Fashion,65,44904.84,18,1,11,0.568,1,0.081,5,79.01,437.71,90,0
CUST101931,Female,East,Organic,Beauty,24,26029.92,38,0,12,0.453,0,0.304,5,83.3,449.21,122,1
CUST101932,Male,South,Social Media,Beauty,46,21553.47,19,0,5,0.527,0,0.416,4,70.33,291.68,3,1
CUST101933,Female,South,Other,Groceries,34,60493.78,63,1,6,0.3,5,0.355,4,79.36,260.49,126,0
CUST101934,Female,East,Social Media,Fashion,39,43444.27,29,0,3,0.179,1,0.416,5,87.4,460.21,212,0
CUST101935,Male,South,Organic,Fashion,74,43599.05,10,0,12,0.351,0,0.125,5,113.51,656.6,77,0
CUST101936,Male,East,Referral,Electronics,20,73670.02,48,1,5,0.534,1,0.566,6,82.38,485.94,14,1
CUST101937,Male,South,Organic,Fashion,43,90033.24,26,1,9,0.204,4,0.316,5,88.39,369.86,111,1
CUST101938,Female,North,Search,Home & Living,46,49051.19,40,0,4,0.226,2,0.257,3,91.74,307.99,25,0
CUST101939,Female,North,Social Media,Home & Living,54,47669.02,49,0,2,0.33,1,0.35,5,88.39,362.14,166,0
CUST101940,Female,North,Referral,Beauty,41,67856.37,30,0,6,0.379,0,0.061,4,81.28,282.36,14,1
CUST101941,Female,South,Search,Home & Living,44,31106.61,12,0,4,0.287,2,0.213,3,66.02,186.7,159,0
CUST101942,Male,East,Search,Beauty,35,60404.13,31,1,7,0.471,1,0.138,5,95.58,527.89,1,0
CUST101943,Male,West,Referral,Electronics,43,69347.17,58,0,13,0.452,0,0.346,8,69.1,560.12,44,1
CUST101944,Male,North,Social Media,Home & Living,36,73187.88,27,0,8,0.625,1,0.554,6,82.22,466.43,112,1
CUST101945,Male,West,Social Media,Electronics,48,24383.27,36,0,10,0.309,1,0.328,4,63.06,226.19,128,0
CUST101946,Other,East,Organic,Beauty,35,39947.42,17,1,11,0.561,2,0.34,9,69.24,574.36,112,0
CUST101947,Female,West,Search,Fashion,45,38033.32,10,0,7,0.231,1,0.42,10,84.07,816.91,217,0
CUST101948,Male,East,Organic,Groceries,40,57356.47,26,0,6,0.441,2,0.031,6,118.45,701.11,125,0
CUST101949,Female,East,Search,Beauty,55,67305.77,29,1,10,0.364,2,0.105,5,72.44,365.12,5,0
CUST101950,Female,North,Other,Groceries,39,103126.0,52,0,8,0.444,2,0.743,8,116.43,959.44,21,0
CUST101951,Male,North,Social Media,Fashion,18,44676.5,30,0,5,0.3,1,0.208,3,76.86,239.25,85,0
CUST101952,Male,North,Referral,Fashion,56,44627.61,50,0,7,0.142,1,0.292,5,15.0,21.57,41,1
CUST101953,Male,East,Referral,Fashion,28,89138.86,22,0,5,0.291,1,0.232,6,86.65,428.82,125,0
CUST101954,Female,South,Organic,Home & Living,32,62295.89,12,0,6,0.491,1,0.603,10,146.54,1436.97,66,0
CUST101955,Female,West,Search,Sports,32,93667.08,38,0,6,0.213,1,0.588,5,58.92,386.41,112,1
CUST101956,Female,South,Organic,Groceries,58,62090.87,62,0,3,0.277,1,0.347,10,112.59,1111.0,47,0
CUST101957,Male,West,Search,Fashion,18,33829.87,20,0,0,0.219,1,0.329,2,78.9,165.77,149,0
CUST101958,Male,North,Organic,Sports,75,31419.2,41,0,4,0.414,2,0.213,3,68.5,142.27,66,0
CUST101959,Female,North,Referral,Electronics,54,28665.61,42,0,13,0.464,1,0.248,3,87.47,237.19,99,1
CUST101960,Female,South,Organic,Fashion,43,72631.23,10,0,6,0.217,1,0.378,4,98.84,423.8,88,0
CUST101961,Female,South,Other,Fashion,39,90608.12,25,0,9,0.295,0,0.183,2,95.34,214.55,69,1
CUST101962,Female,South,Social Media,Home & Living,44,119589.53,43,1,2,0.253,1,0.354,3,110.23,331.49,30,1
CUST101963,Male,West,Referral,Electronics,47,78369.7,35,0,4,0.394,2,0.127,5,87.12,453.72,25,0
CUST101964,Female,North,Organic,Electronics,48,89633.16,43,0,3,0.222,0,0.492,6,103.76,681.09,213,0
CUST101965,Female,South,Search,Groceries,47,43108.76,39,1,8,0.537,0,0.33,6,99.2,602.86,82,1
CUST101966,Male,West,Organic,Fashion,41,33839.83,27,0,15,0.668,0,0.387,5,94.74,548.14,29,1
CUST101967,Female,North,Search,Beauty,37,78599.59,29,1,10,0.3,2,0.566,5,96.88,501.51,18,1
CUST101968,Male,West,Social Media,Groceries,38,65546.45,51,1,14,0.073,1,0.144,3,101.9,276.83,25,0
CUST101969,Male,West,Search,Groceries,37,57538.82,31,1,8,0.257,1,0.223,6,69.17,379.72,56,0
CUST101970,Male,North,Search,Electronics,55,64717.34,18,1,13,0.241,3,0.177,9,68.19,598.35,102,0
CUST101971,Male,South,Search,Electronics,48,62995.99,26,0,14,0.375,3,0.525,8,81.28,645.05,1,1
CUST101972,Male,South,Other,Sports,18,94305.19,36,1,8,0.528,2,0.254,6,79.62,521.61,2,0
CUST101973,Male,West,Other,Home & Living,49,94748.61,50,0,5,0.253,1,0.236,2,100.25,257.85,49,1
CUST101974,Female,East,Search,Fashion,43,69124.26,10,0,3,0.335,2,0.494,4,97.37,379.3,70,0
CUST101975,Male,East,Referral,Electronics,40,78458.54,25,1,8,0.244,0,0.357,7,101.98,735.77,61,1
CUST101976,Male,West,Referral,Electronics,35,68254.23,47,0,7,0.434,1,0.397,4,78.33,323.46,168,0
CUST101977,Male,North,Organic,Beauty,55,45315.17,17,1,15,0.22,0,0.095,4,77.34,301.67,25,1
CUST101978,Female,West,Search,Sports,52,75572.34,17,0,3,0.385,2,0.427,4,107.22,446.94,3,1
CUST101979,Male,East,Search,Fashion,30,30619.75,29,0,7,0.114,1,0.496,2,92.71,211.89,56,1
CUST101980,Male,East,Organic,Beauty,45,85624.17,10,0,1,0.373,1,0.312,3,96.39,383.14,160,0
CUST101981,Female,West,Organic,Sports,27,33302.54,71,1,7,0.189,1,0.263,9,67.57,684.92,91,1
CUST101982,Female,East,Referral,Home & Living,22,62014.64,36,0,8,0.026,0,0.527,8,95.71,824.4,28,0
CUST101983,Female,North,Social Media,Electronics,32,38565.9,41,0,9,0.167,2,0.625,5,54.03,259.89,1,0
CUST101984,Female,South,Search,Fashion,51,69390.96,53,0,9,0.702,0,0.342,6,72.88,388.42,135,1
CUST101985,Male,South,Search,Electronics,52,54221.88,72,1,10,0.482,1,0.326,6,106.57,660.13,157,0
CUST101986,Female,North,Referral,Home & Living,47,28149.67,27,0,9,0.53,1,0.168,7,47.74,254.08,9,1
CUST101987,Male,West,Search,Sports,49,65629.61,10,1,9,0.229,4,0.443,9,75.27,673.24,79,1
CUST101988,Male,North,Referral,Beauty,47,43146.72,34,0,4,0.335,0,0.248,5,103.58,540.0,127,1
CUST101989,Male,East,Search,Electronics,32,79631.9,18,0,1,0.198,2,0.399,4,61.46,199.1,5,0
CUST101990,Female,East,Organic,Fashion,46,55030.63,14,0,5,0.23,0,0.261,7,79.91,572.81,113,0
CUST101991,Male,North,Search,Fashion,50,64936.51,21,1,8,0.509,0,0.404,5,129.8,687.09,96,1
CUST101992,Female,West,Referral,Beauty,50,36787.36,27,0,11,0.422,2,0.467,8,91.1,725.41,160,0
CUST101993,Female,West,Referral,Fashion,55,42940.42,54,0,7,0.481,0,0.115,4,65.22,264.47,45,1
CUST101994,Male,East,Other,Electronics,49,45363.37,72,1,8,0.367,1,0.209,4,97.48,423.34,9,1
CUST101995,Female,North,Organic,Sports,45,78818.54,15,0,8,0.719,1,0.137,6,101.45,686.28,105,0
CUST101996,Female,North,Referral,Fashion,54,111255.75,22,1,8,0.47,2,0.559,8,95.6,775.31,119,1
CUST101997,Female,South,Search,Groceries,40,39218.99,40,0,10,0.274,4,0.294,5,88.19,471.68,46,0
CUST101998,Male,South,Social Media,Electronics,29,86453.73,43,0,13,0.129,2,0.167,8,116.34,917.69,106,1
CUST101999,Female,East,Referral,Sports,38,22110.86,16,0,14,0.338,1,0.353,6,100.57,634.8,85,1
CUST102000,Male,West,Social Media,Beauty,30,33307.2,48,0,7,0.176,5,0.314,7,82.26,608.36,142,0
CUST102001,Female,East,Social Media,Home & Living,31,36768.67,18,1,10,0.255,2,0.637,8,98.29,808.81,17,1
CUST102002,Male,West,Referral,Groceries,38,31164.5,16,1,14,0.591,3,0.439,5,67.17,413.68,58,1
CUST102003,Male,East,Referral,Home & Living,30,28282.01,39,0,7,0.247,2,0.334,7,103.48,712.72,93,1
CUST102004,Female,South,Referral,Home & Living,36,65417.69,55,1,11,0.471,1,0.092,5,79.04,397.08,49,1
CUST102005,Female,West,Social Media,Beauty,18,50270.82,34,0,3,0.323,2,0.421,4,64.93,324.37,111,1
CUST102006,Female,South,Organic,Home & Living,43,64501.18,31,0,6,0.24,1,0.136,5,80.77,390.77,129,1
CUST102007,Male,West,Referral,Fashion,40,73503.4,27,1,12,0.366,2,0.336,6,89.28,572.63,138,1
CUST102008,Male,South,Search,Fashion,29,61491.09,30,1,7,0.547,2,0.315,12,70.8,933.03,52,1
CUST102009,Female,North,Search,Electronics,49,72500.52,25,0,7,0.066,2,0.486,4,87.53,386.73,77,1
CUST102010,Female,West,Referral,Beauty,52,53417.03,39,1,4,0.261,4,0.309,3,122.2,387.11,37,0
CUST102011,Female,East,Search,Sports,19,33408.02,30,0,13,0.452,0,0.385,7,60.1,414.05,49,1
CUST102012,Male,West,Organic,Sports,30,85765.36,72,1,13,0.293,1,0.464,4,90.02,412.92,307,0
CUST102013,Male,West,Referral,Electronics,30,42944.39,35,1,9,0.126,6,0.525,6,110.91,620.71,12,1
CUST102014,Female,North,Search,Groceries,28,37128.42,25,1,10,0.403,2,0.074,6,47.14,218.46,133,0
CUST102015,Female,East,Other,Electronics,51,51039.9,15,0,8,0.475,0,0.333,3,100.27,261.06,70,1
CUST102016,Male,South,Organic,Beauty,37,37485.44,16,1,13,0.244,2,0.841,2,81.47,165.01,35,0
CUST102017,Female,East,Social Media,Electronics,37,46155.33,36,1,7,0.214,3,0.398,6,97.21,531.46,48,0
CUST102018,Female,West,Search,Home & Living,18,63550.56,21,0,9,0.425,1,0.206,8,87.22,798.6,1,1
CUST102019,Male,South,Organic,Fashion,48,63665.11,32,0,10,0.347,2,0.414,5,114.28,535.17,52,1
CUST102020,Male,East,Social Media,Fashion,24,37722.04,56,1,13,0.201,1,0.176,5,61.81,350.55,4,1
CUST102021,Male,East,Organic,Home & Living,41,44812.94,13,0,0,0.492,1,0.509,5,56.83,253.05,45,0
CUST102022,Female,North,Other,Groceries,44,86362.46,26,0,5,0.316,0,0.239,5,102.72,513.42,111,0
CUST102023,Male,West,Social Media,Electronics,58,67749.78,5,0,4,0.191,0,0.235,4,72.97,296.1,93,0
CUST102024,Male,East,Referral,Groceries,23,131480.76,11,1,9,0.58,0,0.34,4,129.4,469.65,121,1
CUST102025,Female,West,Organic,Electronics,18,90286.42,33,1,2,0.606,2,0.464,6,106.97,642.82,73,1
CUST102026,Male,South,Referral,Home & Living,42,88937.71,11,1,2,0.406,2,0.321,6,110.74,729.53,87,1
CUST102027,Male,North,Referral,Beauty,63,30705.09,13,0,14,0.124,3,0.544,4,69.39,271.06,66,0
CUST102028,Male,East,Referral,Fashion,56,75804.26,67,1,11,0.639,1,0.159,11,102.95,1143.99,42,1
CUST102029,Female,North,Referral,Beauty,43,53786.81,19,1,9,0.708,3,0.564,6,88.35,545.49,141,1
CUST102030,Female,West,Search,Electronics,34,43637.67,15,1,10,0.495,1,0.105,1,117.36,135.19,137,1
CUST102031,Male,North,Organic,Sports,50,59021.37,56,0,7,0.47,1,0.222,5,83.18,337.12,136,1
CUST102032,Female,West,Social Media,Home & Living,27,81803.66,15,1,12,0.232,2,0.066,14,86.42,1245.46,45,1
CUST102033,Female,East,Social Media,Home & Living,46,67876.0,35,0,5,0.284,1,0.558,3,108.63,351.36,68,0
CUST102034,Male,South,Referral,Fashion,47,38029.96,35,0,8,0.108,1,0.202,1,63.06,66.31,130,1
CUST102035,Male,North,Social Media,Fashion,54,75125.94,46,0,8,0.44,0,0.597,8,127.63,1082.91,117,0
CUST102036,Male,East,Organic,Electronics,75,42078.9,14,1,5,0.507,2,0.552,6,67.83,456.88,11,0
CUST102037,Male,East,Organic,Beauty,45,60240.21,17,0,11,0.252,5,0.426,3,119.57,377.49,172,0
CUST102038,Female,South,Search,Groceries,33,48420.64,20,1,7,0.432,0,0.142,6,88.36,509.58,85,1
CUST102039,Female,West,Referral,Groceries,40,50169.6,17,0,10,0.406,1,0.109,7,75.18,516.85,31,1
CUST102040,Male,South,Search,Home & Living,18,75880.16,44,1,9,0.523,2,0.197,4,125.46,497.89,31,0
CUST102041,Male,South,Social Media,Electronics,31,35532.64,35,0,12,0.251,2,0.212,4,70.49,309.67,137,0
CUST102042,Male,East,Other,Electronics,35,124501.17,38,0,4,0.069,1,0.447,5,88.73,443.49,108,0
CUST102043,Female,North,Search,Electronics,33,25597.05,10,1,5,0.379,0,0.65,5,79.12,407.6,196,1
CUST102044,Male,West,Social Media,Fashion,42,42790.36,32,1,6,0.462,3,0.065,7,99.83,645.89,192,0
CUST102045,Female,South,Organic,Electronics,29,64252.6,61,1,9,0.473,0,0.097,6,91.34,586.28,165,0
CUST102046,Male,North,Organic,Groceries,55,70298.13,72,1,14,0.149,0,0.631,8,96.1,824.05,52,1
CUST102047,Female,South,Social Media,Fashion,40,52727.3,22,1,14,0.59,4,0.342,5,85.84,413.0,121,0
CUST102048,Female,East,Referral,Fashion,40,53690.12,46,1,1,0.568,2,0.575,4,102.26,389.36,278,0
CUST102049,Male,East,Referral,Sports,36,65350.44,17,0,8,0.291,1,0.263,1,65.92,37.26,48,0
CUST102050,Female,East,Referral,Fashion,42,49913.13,10,0,0,0.214,1,0.113,6,91.06,632.19,103,0
CUST102051,Other,North,Search,Beauty,51,98737.94,11,0,10,0.413,2,0.212,6,129.76,815.48,11,1
CUST102052,Male,South,Organic,Fashion,29,78246.16,57,0,11,0.394,2,0.033,7,115.17,804.85,96,0
CUST102053,Female,West,Search,Groceries,31,79354.04,23,1,9,0.059,4,0.212,8,125.12,973.92,1,0
CUST102054,Male,North,Organic,Home & Living,36,36654.91,20,0,7,0.453,2,0.613,5,61.23,260.32,4,1
CUST102055,Female,West,Organic,Electronics,23,53196.36,43,0,7,0.133,0,0.301,4,109.53,474.33,196,0
CUST102056,Male,North,Referral,Groceries,29,48479.33,12,0,4,0.3,1,0.38,3,76.57,217.95,17,1
CUST102057,Female,West,Organic,Home & Living,34,36052.66,37,1,10,0.472,1,0.276,7,91.53,661.33,109,0
CUST102058,Female,South,Social Media,Beauty,51,63982.02,25,0,6,0.568,4,0.104,9,90.41,876.55,82,1
CUST102059,Female,East,Organic,Fashion,43,43882.78,72,0,10,0.121,2,0.572,9,69.54,580.35,63,1
CUST102060,Female,North,Organic,Groceries,43,72428.71,22,1,8,0.285,0,0.55,5,101.95,481.44,53,1
CUST102061,Female,North,Search,Beauty,51,35087.77,26,1,6,0.318,1,0.359,8,102.27,841.83,39,1
CUST102062,Male,North,Search,Home & Living,38,113219.71,11,0,2,0.427,2,0.159,2,114.37,219.41,101,0
CUST102063,Female,North,Organic,Electronics,45,37745.77,72,1,3,0.623,1,0.19,8,94.67,750.22,36,1
CUST102064,Female,South,Organic,Electronics,39,60306.52,23,0,11,0.126,1,0.325,7,71.18,535.78,34,1
CUST102065,Female,East,Other,Fashion,43,76700.95,69,1,7,0.417,2,0.678,5,97.84,522.88,54,0
CUST102066,Female,East,Search,Fashion,32,43278.86,9,0,8,0.106,3,0.264,6,82.81,481.58,29,0
CUST102067,Female,West,Referral,Fashion,18,78678.51,34,1,15,0.349,5,0.141,6,66.25,373.21,1,1
CUST102068,Female,East,Referral,Fashion,38,32821.25,72,1,7,0.387,2,0.761,3,94.84,281.69,114,0
CUST102069,Male,East,Organic,Fashion,58,101212.54,19,1,7,0.42,1,0.112,5,120.51,653.39,160,0
CUST102070,Male,South,Referral,Electronics,52,55327.82,32,0,7,0.218,1,0.29,2,113.18,153.27,107,1
CUST102071,Male,South,Search,Home & Living,53,42812.94,58,0,7,0.164,2,0.217,4,75.42,296.84,15,1
CUST102072,Male,South,Social Media,Electronics,56,48505.48,23,0,13,0.071,2,0.166,5,84.78,452.42,1,0
CUST102073,Female,West,Organic,Fashion,41,77252.5,11,1,14,0.329,0,0.278,8,100.23,774.38,11,0
CUST102074,Male,North,Social Media,Fashion,43,43028.47,21,1,11,0.219,1,0.206,7,101.12,646.06,54,1
CUST102075,Male,North,Organic,Home & Living,32,40149.22,34,1,13,0.307,4,0.376,6,77.07,414.34,1,1
CUST102076,Other,East,Organic,Sports,36,50113.37,34,1,8,0.386,1,0.128,1,111.98,127.84,125,0
CUST102077,Male,North,Organic,Sports,48,33549.07,42,0,8,0.442,1,0.243,10,74.71,743.34,15,0
CUST102078,Male,West,Organic,Electronics,56,118150.78,17,0,6,0.417,4,0.529,5,114.49,487.35,121,1
CUST102079,Male,West,Other,Sports,38,43356.1,72,0,3,0.51,1,0.215,7,66.82,445.61,40,0
CUST102080,Male,North,Referral,Groceries,34,77992.47,17,0,11,0.298,1,0.341,5,70.08,407.88,53,1
CUST102081,Female,North,Organic,Fashion,40,60057.99,30,1,11,0.58,0,0.289,7,91.92,640.78,78,1
CUST102082,Female,South,Other,Beauty,48,36373.08,35,1,9,0.343,1,0.154,6,72.36,460.18,22,1
CUST102083,Female,East,Social Media,Sports,21,54862.62,33,1,9,0.457,0,0.194,3,69.1,203.14,59,1
CUST102084,Male,South,Social Media,Sports,18,76448.27,14,1,4,0.243,2,0.156,2,93.59,223.83,200,1
CUST102085,Female,East,Other,Home & Living,33,50818.65,58,1,6,0.437,2,0.487,5,64.95,351.27,46,1
CUST102086,Male,East,Organic,Home & Living,24,90780.15,21,0,8,0.216,2,0.366,1,86.97,87.91,56,1
CUST102087,Male,South,Social Media,Fashion,33,84467.74,36,0,5,0.529,1,0.384,5,93.29,426.69,58,0
CUST102088,Male,North,Search,Groceries,38,80905.15,32,1,8,0.676,1,0.398,5,120.09,620.29,67,1
CUST102089,Male,West,Social Media,Electronics,34,45343.98,32,0,7,0.263,4,0.264,9,76.9,629.95,106,0
CUST102090,Male,North,Social Media,Home & Living,59,34945.84,10,0,5,0.357,1,0.379,3,89.02,289.35,139,0
CUST102091,Male,West,Referral,Electronics,44,42505.2,20,0,4,0.27,0,0.218,4,58.02,271.57,108,0
CUST102092,Other,South,Social Media,Home & Living,44,59725.22,36,1,4,0.367,0,0.341,9,72.42,629.55,37,1
CUST102093,Male,East,Organic,Fashion,48,69169.75,10,0,7,0.333,2,0.541,6,106.75,588.46,57,0
CUST102094,Male,West,Referral,Fashion,25,22093.27,25,1,11,0.422,1,0.154,3,64.32,237.44,15,1
CUST102095,Male,West,Organic,Electronics,54,54812.9,31,1,4,0.271,1,0.137,0,77.92,0.49,21,1
CUST102096,Female,South,Other,Fashion,39,58775.83,41,1,9,0.625,7,0.16,5,75.12,367.85,1,1
CUST102097,Male,North,Referral,Home & Living,49,48948.3,30,1,10,0.282,2,0.141,11,86.21,956.59,32,0
CUST102098,Female,West,Search,Electronics,26,94601.01,26,1,6,0.217,2,0.408,3,114.1,321.43,39,0
CUST102099,Female,South,Referral,Groceries,20,65659.4,33,0,12,0.455,5,0.171,3,43.68,61.07,71,0
CUST102100,Male,North,Other,Electronics,51,95355.67,25,0,6,0.606,1,0.34,1,148.43,123.18,104,0
CUST102101,Male,West,Referral,Fashion,45,50230.87,16,1,8,0.467,0,0.477,8,93.01,745.08,67,1
CUST102102,Male,North,Social Media,Electronics,28,81538.37,21,0,6,0.155,3,0.311,2,74.89,150.95,40,0
CUST102103,Female,North,Social Media,Fashion,29,109296.14,36,1,3,0.499,0,0.283,7,105.52,659.54,145,1
CUST102104,Male,North,Referral,Home & Living,55,95415.82,26,0,10,0.379,2,0.119,4,84.66,326.72,1,0
CUST102105,Male,East,Referral,Groceries,25,34765.79,72,0,4,0.276,2,0.428,8,76.55,686.65,42,1
CUST102106,Male,East,Social Media,Fashion,61,49441.45,13,1,8,0.075,0,0.409,14,81.03,1136.53,115,1
CUST102107,Female,South,Other,Beauty,28,47577.69,35,1,11,0.251,7,0.133,7,89.15,663.31,18,0
CUST102108,Male,South,Social Media,Electronics,48,67546.76,38,0,12,0.183,2,0.222,8,81.87,681.0,34,0
CUST102109,Male,South,Organic,Fashion,36,73376.35,30,1,5,0.433,3,0.127,6,108.27,620.67,1,1
CUST102110,Female,East,Social Media,Groceries,48,38667.45,24,1,7,0.532,0,0.161,9,119.48,1047.65,151,1
CUST102111,Female,North,Referral,Fashion,33,56589.61,28,0,11,0.17,3,0.469,8,70.25,580.05,52,0
CUST102112,Female,West,Search,Beauty,38,23546.18,28,1,10,0.303,5,0.192,2,79.85,135.21,54,1
CUST102113,Male,North,Social Media,Groceries,41,100781.02,65,0,9,0.382,1,0.517,6,112.45,726.42,67,1
CUST102114,Female,West,Organic,Sports,27,44351.03,8,1,5,0.664,0,0.108,4,107.25,415.27,41,0
CUST102115,Female,North,Social Media,Home & Living,50,56305.72,16,0,6,0.297,4,0.315,2,93.98,225.28,108,0
CUST102116,Male,West,Search,Electronics,33,48292.69,33,0,6,0.422,1,0.242,7,66.64,483.71,98,0
CUST102117,Female,North,Social Media,Fashion,37,89002.53,50,1,6,0.32,0,0.333,5,81.72,430.11,63,0
CUST102118,Male,North,Organic,Fashion,27,18000.0,17,1,3,0.081,1,0.538,8,80.92,619.85,18,0
CUST102119,Female,West,Referral,Electronics,18,54617.64,14,1,7,0.344,1,0.098,7,98.71,739.67,8,1
CUST102120,Male,West,Social Media,Sports,38,52609.11,26,0,11,0.594,4,0.4,5,92.26,566.4,85,0
CUST102121,Female,South,Organic,Sports,71,45458.78,16,1,9,0.341,2,0.109,5,108.32,499.61,3,1
CUST102122,Male,East,Organic,Groceries,50,113561.93,26,1,13,0.433,0,0.246,6,92.31,596.21,50,1
CUST102123,Female,East,Other,Groceries,40,37888.77,16,1,9,0.46,6,0.353,4,75.99,304.14,41,1
CUST102124,Male,West,Referral,Electronics,37,76057.34,41,0,5,0.671,2,0.256,1,88.03,51.86,77,1
CUST102125,Female,South,Other,Groceries,40,63877.0,17,1,13,0.445,0,0.023,1,99.78,52.1,11,1
CUST102126,Female,East,Organic,Sports,47,93426.15,9,1,9,0.309,1,0.693,6,112.43,635.85,152,0
CUST102127,Male,South,Referral,Beauty,25,41558.99,41,1,12,0.28,3,0.273,6,89.92,506.67,224,0
CUST102128,Female,South,Social Media,Fashion,54,40426.53,29,1,5,0.361,1,0.618,6,55.26,279.27,10,0
CUST102129,Other,West,Search,Beauty,49,87154.51,22,0,10,0.083,5,0.433,4,73.96,345.42,7,1
CUST102130,Male,North,Search,Fashion,49,65757.13,23,1,12,0.458,1,0.036,8,99.18,793.04,1,1
CUST102131,Male,North,Search,Groceries,46,28744.88,31,0,8,0.214,1,0.432,9,79.31,732.37,13,1
CUST102132,Female,East,Social Media,Groceries,40,43852.21,14,0,4,0.447,2,0.085,4,77.52,258.22,17,0
CUST102133,Male,East,Organic,Groceries,49,64690.47,11,1,9,0.183,3,0.527,7,105.15,790.12,152,0
CUST102134,Male,North,Referral,Sports,48,78194.1,17,1,11,0.32,1,0.059,3,114.21,318.69,29,1
CUST102135,Male,South,Organic,Home & Living,35,41349.33,24,0,8,0.114,3,0.318,3,58.24,233.11,6,1
CUST102136,Male,West,Search,Electronics,33,18000.0,16,0,9,0.373,1,0.467,5,38.46,212.46,20,1
CUST102137,Male,South,Organic,Home & Living,41,68517.34,65,0,10,0.62,2,0.226,3,82.09,203.26,111,0
CUST102138,Male,East,Referral,Groceries,60,32943.65,17,0,5,0.115,0,0.032,5,93.54,484.16,58,0
CUST102139,Female,East,Referral,Beauty,24,23571.8,29,0,3,0.251,0,0.488,3,73.85,220.18,79,0
CUST102140,Female,South,Organic,Home & Living,21,18000.0,37,0,7,0.218,1,0.17,7,61.45,386.5,71,1
CUST102141,Male,West,Organic,Groceries,42,77416.9,54,0,6,0.253,6,0.27,10,114.75,1099.46,4,1
CUST102142,Female,East,Search,Sports,41,58052.78,70,1,11,0.292,2,0.503,3,131.85,432.51,13,1
CUST102143,Female,South,Referral,Electronics,42,50026.73,72,1,5,0.299,2,0.128,7,104.11,783.13,36,1
CUST102144,Female,East,Social Media,Electronics,43,98565.71,52,0,10,0.183,0,0.364,3,128.64,338.97,12,1
CUST102145,Male,East,Search,Beauty,37,71880.83,48,1,13,0.533,4,0.057,7,70.4,497.72,147,1
CUST102146,Male,East,Organic,Home & Living,59,108438.07,15,1,9,0.146,0,0.347,2,117.98,169.53,29,1
CUST102147,Female,West,Search,Home & Living,19,30642.39,38,0,7,0.438,1,0.081,10,60.99,647.64,20,1
CUST102148,Female,South,Organic,Beauty,29,54207.64,25,0,5,0.119,4,0.364,3,93.76,284.78,259,0
CUST102149,Female,South,Social Media,Groceries,39,27891.27,25,0,5,0.091,6,0.456,3,52.34,97.17,50,0
CUST102150,Female,North,Other,Fashion,19,49948.51,22,0,6,0.56,5,0.368,6,76.57,439.21,14,0
CUST102151,Male,North,Search,Home & Living,38,49546.64,15,0,12,0.33,1,0.485,2,70.5,116.5,1,0
CUST102152,Female,North,Search,Fashion,62,71558.19,20,0,7,0.397,2,0.255,3,110.06,291.55,98,1
CUST102153,Male,West,Organic,Sports,40,56062.66,16,0,3,0.464,5,0.265,4,75.63,345.38,61,0
CUST102154,Male,East,Referral,Groceries,43,71461.88,8,1,10,0.105,0,0.562,2,70.73,103.59,135,1
CUST102155,Female,East,Social Media,Beauty,24,73904.82,58,0,10,0.09,1,0.523,4,95.27,456.65,62,0
CUST102156,Male,East,Organic,Groceries,32,135965.78,29,1,9,0.204,1,0.149,5,134.08,709.22,255,0
CUST102157,Male,West,Organic,Home & Living,35,48178.29,30,1,14,0.488,0,0.337,5,72.63,348.34,65,1
CUST102158,Female,South,Referral,Beauty,36,37043.9,27,1,11,0.294,6,0.34,9,97.03,976.18,66,1
CUST102159,Male,West,Social Media,Home & Living,57,60988.68,50,0,4,0.329,2,0.157,5,92.46,445.83,9,0
CUST102160,Other,South,Referral,Electronics,47,39266.65,31,1,7,0.437,0,0.461,3,90.25,208.37,22,0
CUST102161,Other,West,Other,Beauty,26,102489.13,59,1,10,0.381,1,0.313,6,66.17,441.8,247,0
CUST102162,Female,East,Organic,Sports,43,48831.79,41,1,3,0.682,0,0.334,6,111.52,630.46,185,0
CUST102163,Male,South,Referral,Sports,46,43371.0,18,1,10,0.546,3,0.577,6,96.05,632.52,109,1
CUST102164,Male,East,Social Media,Home & Living,55,45122.48,55,0,1,0.482,2,0.598,2,89.54,116.72,86,1
CUST102165,Male,East,Organic,Electronics,61,74371.18,34,1,12,0.408,3,0.209,4,111.8,409.01,14,1
CUST102166,Male,North,Search,Electronics,27,51474.14,27,0,10,0.544,0,0.317,6,84.17,480.85,116,0
CUST102167,Male,East,Organic,Groceries,29,42006.87,47,1,10,0.51,6,0.104,6,111.71,695.96,1,1
CUST102168,Other,South,Organic,Electronics,24,110695.26,29,0,5,0.567,2,0.46,5,119.6,576.3,10,1
CUST102169,Male,North,Organic,Home & Living,37,38387.88,42,0,8,0.591,1,0.256,4,69.56,253.85,166,0
CUST102170,Female,West,Other,Fashion,46,55827.74,13,1,7,0.204,1,0.043,4,143.34,603.12,8,1
CUST102171,Male,East,Search,Groceries,53,72334.54,30,1,6,0.447,1,0.536,9,115.43,1091.72,84,1
CUST102172,Female,West,Social Media,Electronics,39,27720.51,19,0,6,0.448,0,0.243,1,109.56,96.29,105,0
CUST102173,Female,East,Referral,Groceries,36,67292.08,72,1,11,0.387,0,0.248,7,99.6,652.37,204,0
CUST102174,Male,South,Search,Fashion,42,35310.77,57,1,9,0.544,1,0.483,6,88.01,593.45,54,1
CUST102175,Male,East,Search,Electronics,29,77703.63,32,0,12,0.405,2,0.443,9,67.11,597.38,48,0
CUST102176,Female,East,Other,Fashion,67,36708.92,54,0,9,0.382,5,0.19,5,52.67,282.18,28,1
CUST102177,Female,West,Social Media,Groceries,19,73574.33,19,1,11,0.268,0,0.386,3,93.84,260.28,136,0
CUST102178,Female,South,Social Media,Home & Living,42,87512.63,22,0,2,0.085,1,0.203,2,90.01,162.71,38,0
CUST102179,Male,West,Organic,Fashion,66,78975.41,7,0,6,0.42,1,0.366,3,106.36,297.83,180,0
CUST102180,Male,West,Search,Groceries,40,61122.87,41,0,4,0.407,1,0.183,7,74.07,556.02,78,0
CUST102181,Female,East,Referral,Home & Living,38,49908.27,6,0,6,0.234,4,0.198,6,94.96,623.28,111,0
CUST102182,Female,West,Other,Sports,35,43173.94,20,1,7,0.356,1,0.179,7,103.17,699.1,1,1
CUST102183,Male,South,Organic,Home & Living,38,102019.89,13,0,6,0.321,2,0.346,8,131.48,1034.23,76,1
CUST102184,Female,West,Organic,Home & Living,58,40998.9,50,0,10,0.503,2,0.481,4,126.48,561.26,327,0
CUST102185,Male,East,Referral,Groceries,18,35579.35,72,0,9,0.529,1,0.263,5,85.52,513.05,89,1
CUST102186,Male,North,Organic,Beauty,60,72732.49,45,0,10,0.173,3,0.223,8,131.81,1080.15,17,0
CUST102187,Male,West,Organic,Electronics,21,39368.1,41,0,2,0.169,5,0.119,5,81.94,425.36,280,0
CUST102188,Male,South,Social Media,Groceries,37,36903.5,32,1,9,0.417,1,0.199,6,90.19,627.87,5,1
CUST102189,Female,South,Search,Sports,34,29994.66,31,1,12,0.503,0,0.431,4,64.25,268.15,99,1
CUST102190,Male,East,Social Media,Groceries,48,44903.29,17,0,12,0.417,3,0.632,3,84.36,264.32,23,1
CUST102191,Male,North,Social Media,Beauty,19,53122.09,10,0,2,0.577,4,0.225,3,72.6,196.83,53,1
CUST102192,Female,South,Referral,Sports,46,60912.09,31,0,6,0.774,2,0.285,4,70.75,314.56,92,1
CUST102193,Female,West,Search,Fashion,66,82013.33,35,0,10,0.079,0,0.231,4,72.37,261.54,122,0
CUST102194,Female,North,Organic,Home & Living,22,68623.18,35,1,8,0.385,0,0.594,7,92.14,626.12,56,1
CUST102195,Female,South,Other,Groceries,42,50762.95,37,0,4,0.103,1,0.32,5,63.44,305.04,70,0
CUST102196,Male,North,Referral,Fashion,31,50607.06,43,0,2,0.209,0,0.127,6,77.89,493.55,101,0
CUST102197,Female,South,Referral,Home & Living,46,68142.38,30,1,6,0.228,1,0.114,10,112.81,1115.16,19,0
CUST102198,Female,East,Referral,Groceries,40,93860.78,16,0,2,0.354,0,0.218,5,81.84,449.55,76,0
CUST102199,Female,West,Referral,Sports,32,57996.64,37,1,9,0.481,4,0.246,10,69.08,647.56,8,0
CUST102200,Male,West,Organic,Groceries,46,45163.91,42,0,10,0.189,1,0.278,6,58.36,335.18,162,0
CUST102201,Male,East,Referral,Groceries,63,36246.02,24,0,3,0.277,3,0.178,4,71.37,290.86,241,0
CUST102202,Female,South,Social Media,Sports,38,29974.5,42,1,10,0.397,2,0.171,9,71.71,653.99,44,0
CUST102203,Male,West,Social Media,Beauty,49,72760.01,31,1,12,0.412,1,0.016,7,76.82,571.17,92,1
CUST102204,Female,West,Referral,Groceries,23,70111.31,14,0,7,0.13,1,0.305,4,102.32,369.02,64,0
CUST102205,Female,East,Referral,Electronics,28,70093.21,72,1,4,0.391,1,0.212,5,104.72,526.19,18,0
CUST102206,Female,East,Social Media,Home & Living,46,52106.84,23,1,10,0.211,6,0.52,5,65.28,283.26,75,1
CUST102207,Female,West,Organic,Electronics,59,99309.95,15,1,9,0.485,6,0.319,11,93.46,1057.09,114,1
CUST102208,Female,East,Social Media,Home & Living,45,44880.5,19,1,8,0.614,3,0.406,2,105.17,189.99,23,1
CUST102209,Male,South,Organic,Fashion,36,82149.95,5,1,7,0.466,1,0.356,15,77.19,1195.07,152,0
CUST102210,Female,East,Search,Beauty,40,54112.28,24,0,7,0.137,1,0.507,7,66.74,468.16,27,0
CUST102211,Female,North,Search,Home & Living,24,42598.79,59,0,9,0.449,1,0.107,7,72.13,510.49,111,1
CUST102212,Male,South,Search,Electronics,48,70541.13,32,0,15,0.28,0,0.286,5,77.96,509.37,96,0
CUST102213,Male,South,Social Media,Beauty,51,65325.36,18,0,7,0.077,3,0.308,2,128.28,302.03,129,1
CUST102214,Male,North,Organic,Sports,34,63896.32,28,0,12,0.187,2,0.165,6,94.01,595.11,5,1
CUST102215,Female,North,Referral,Sports,34,56909.95,7,1,10,0.557,1,0.236,10,96.34,964.12,1,1
CUST102216,Male,North,Search,Groceries,43,54131.6,28,0,7,0.254,2,0.414,6,83.85,487.54,43,1
CUST102217,Female,East,Social Media,Beauty,34,149972.12,24,1,9,0.296,5,0.352,4,139.56,537.17,209,0
CUST102218,Male,West,Organic,Sports,39,90443.1,48,0,3,0.031,1,0.104,12,101.47,1280.45,3,1
CUST102219,Male,West,Social Media,Sports,67,74509.04,35,0,8,0.328,1,0.225,3,89.0,240.31,120,0
CUST102220,Female,South,Referral,Sports,37,57644.15,16,0,1,0.347,1,0.089,5,54.88,300.37,154,0
CUST102221,Male,East,Organic,Fashion,35,83959.89,47,0,4,0.138,0,0.077,7,81.72,547.32,153,1
CUST102222,Female,West,Social Media,Home & Living,32,68367.05,56,0,7,0.494,3,0.38,3,80.86,204.39,28,0
CUST102223,Female,North,Organic,Groceries,50,55608.67,36,1,13,0.354,1,0.285,8,103.54,810.88,1,1
CUST102224,Female,East,Search,Electronics,38,48416.28,25,0,12,0.239,0,0.49,6,98.2,622.12,242,1
CUST102225,Male,West,Organic,Fashion,32,53162.22,21,0,6,0.268,0,0.469,3,81.6,293.54,22,1
CUST102226,Female,North,Referral,Electronics,57,18000.0,66,1,9,0.475,0,0.097,4,85.07,351.5,128,1
CUST102227,Female,West,Search,Electronics,58,60086.52,34,0,10,0.249,1,0.04,2,68.98,133.42,77,0
CUST102228,Female,West,Search,Fashion,32,44798.44,30,0,3,0.224,2,0.233,9,63.23,595.8,168,1
CUST102229,Male,North,Referral,Electronics,18,107367.18,13,0,8,0.37,5,0.44,2,64.52,122.65,67,1
CUST102230,Female,North,Referral,Beauty,53,55448.67,17,0,4,0.224,1,0.266,3,76.59,214.13,80,0
CUST102231,Female,North,Organic,Electronics,31,33380.39,11,1,8,0.406,1,0.407,4,88.3,314.38,27,0
CUST102232,Female,South,Referral,Fashion,50,53859.75,25,1,7,0.297,2,0.195,6,106.2,687.68,78,1
CUST102233,Male,East,Other,Electronics,18,35444.3,20,1,10,0.112,0,0.332,5,67.78,316.7,31,1
CUST102234,Male,East,Social Media,Electronics,52,67098.68,31,0,9,0.227,0,0.203,3,110.67,290.45,17,1
CUST102235,Male,South,Organic,Fashion,24,62148.77,52,1,12,0.528,1,0.249,13,117.21,1515.65,8,1
CUST102236,Male,West,Organic,Beauty,49,82238.69,42,0,8,0.73,2,0.371,5,111.65,599.43,116,0
CUST102237,Male,South,Other,Home & Living,40,39455.08,46,0,8,0.527,2,0.389,3,100.24,334.91,71,0
CUST102238,Male,North,Search,Home & Living,28,55791.22,51,0,13,0.664,1,0.26,3,64.96,188.01,138,1
CUST102239,Female,South,Search,Home & Living,35,31001.14,17,1,4,0.465,2,0.152,3,56.69,151.46,13,1
CUST102240,Male,East,Social Media,Electronics,49,73844.46,23,1,14,0.406,2,0.375,4,117.58,571.62,108,1
CUST102241,Female,South,Referral,Fashion,41,68392.22,21,1,8,0.369,0,0.241,8,122.03,943.51,16,0
CUST102242,Male,South,Search,Electronics,48,67732.85,43,1,11,0.751,1,0.437,4,128.69,517.06,183,1
CUST102243,Male,North,Other,Sports,66,55037.41,13,0,6,0.12,2,0.282,9,60.69,518.72,60,0
CUST102244,Male,West,Search,Electronics,20,65466.45,60,0,5,0.397,1,0.425,5,83.84,459.94,17,0
CUST102245,Male,West,Organic,Groceries,61,107894.68,22,1,10,0.363,0,0.172,8,95.65,807.04,24,1
CUST102246,Female,South,Organic,Fashion,41,48793.33,14,1,12,0.657,1,0.185,8,87.15,652.56,13,1
CUST102247,Female,South,Organic,Fashion,28,58297.79,23,1,10,0.629,2,0.34,7,105.68,751.14,161,0
CUST102248,Male,East,Social Media,Home & Living,23,34853.73,24,0,5,0.117,2,0.141,6,79.67,374.17,82,0
CUST102249,Male,East,Referral,Sports,38,38193.43,26,1,20,0.446,4,0.62,3,59.45,185.57,100,1
CUST102250,Male,South,Organic,Sports,52,57306.54,26,0,11,0.356,1,0.15,8,84.71,555.46,111,0
CUST102251,Female,West,Other,Beauty,38,87442.84,51,1,12,0.265,7,0.014,8,93.65,765.82,220,0
CUST102252,Female,East,Organic,Home & Living,60,49387.4,34,0,6,0.101,2,0.259,2,103.87,195.74,97,0
CUST102253,Female,South,Organic,Beauty,21,49811.62,14,1,7,0.438,0,0.333,7,72.55,446.12,46,0
CUST102254,Female,East,Organic,Home & Living,40,46360.2,23,0,6,0.448,3,0.485,6,84.13,530.32,26,0
CUST102255,Female,West,Organic,Fashion,24,43936.06,20,1,12,0.814,1,0.352,3,78.61,239.3,7,1
CUST102256,Male,West,Referral,Beauty,45,62253.9,30,1,6,0.314,1,0.555,8,128.01,984.14,1,0
CUST102257,Male,North,Other,Beauty,52,29326.31,27,0,4,0.249,2,0.17,4,90.77,396.94,18,0
CUST102258,Female,South,Social Media,Groceries,35,94191.3,71,0,9,0.295,5,0.159,7,94.51,659.07,32,1
CUST102259,Female,South,Referral,Home & Living,18,41589.84,46,1,10,0.281,2,0.324,3,75.43,245.49,9,1
CUST102260,Female,South,Referral,Home & Living,43,74480.15,40,0,5,0.609,0,0.323,9,91.7,811.75,141,0
CUST102261,Female,East,Search,Groceries,46,32263.41,6,0,4,0.205,1,0.238,1,117.2,110.95,22,0
CUST102262,Male,West,Organic,Groceries,45,72838.6,45,1,13,0.627,4,0.254,5,110.33,622.55,54,1
CUST102263,Female,East,Organic,Groceries,56,72933.64,8,1,10,0.184,1,0.064,3,108.16,299.44,26,1
CUST102264,Female,West,Other,Home & Living,26,64631.25,21,0,3,0.281,0,0.159,4,96.52,399.56,119,0
CUST102265,Male,South,Organic,Beauty,49,36222.24,23,1,5,0.514,2,0.584,7,98.31,702.05,25,0
CUST102266,Female,West,Organic,Electronics,56,61077.49,50,0,6,0.171,1,0.282,9,102.35,869.66,50,1
CUST102267,Female,West,Referral,Groceries,18,33463.31,15,1,11,0.395,1,0.114,4,91.56,380.59,1,1
CUST102268,Male,South,Search,Electronics,44,49460.41,26,1,11,0.385,2,0.386,8,73.67,517.94,43,1
CUST102269,Male,East,Organic,Sports,33,84748.38,12,1,12,0.236,0,0.531,6,77.56,557.22,69,1
CUST102270,Male,North,Organic,Fashion,39,76857.11,38,0,2,0.476,0,0.456,5,104.2,585.11,39,0
CUST102271,Female,West,Referral,Groceries,45,55351.85,22,1,10,0.288,4,0.377,6,100.25,513.48,71,1
CUST102272,Male,East,Search,Sports,34,36521.99,31,0,12,0.53,4,0.18,6,66.49,449.86,8,1
CUST102273,Female,South,Organic,Electronics,31,72130.72,4,0,11,0.323,2,0.5,5,75.66,382.54,43,1
CUST102274,Female,East,Referral,Electronics,40,55449.53,14,1,10,0.384,8,0.167,4,101.64,340.34,70,0
CUST102275,Male,East,Search,Groceries,26,20755.28,32,0,15,0.073,0,0.47,6,77.92,387.08,28,0
CUST102276,Female,North,Social Media,Fashion,26,76404.2,41,1,11,0.544,0,0.068,3,69.24,205.99,125,1
CUST102277,Other,North,Referral,Fashion,49,54443.06,61,1,12,0.222,0,0.563,3,95.12,360.02,52,1
CUST102278,Male,South,Organic,Home & Living,25,91136.89,56,0,7,0.543,0,0.515,5,90.87,560.79,50,0
CUST102279,Male,East,Search,Sports,49,34720.13,20,0,5,0.452,1,0.198,5,74.63,386.17,101,0
CUST102280,Female,West,Social Media,Home & Living,46,18000.0,31,1,6,0.166,3,0.668,6,61.23,322.4,144,0
CUST102281,Female,West,Organic,Home & Living,18,61839.88,43,1,9,0.305,1,0.603,7,76.69,619.87,13,1
CUST102282,Male,East,Referral,Fashion,31,62164.86,34,1,8,0.609,1,0.456,5,86.82,392.3,77,1
CUST102283,Male,West,Organic,Fashion,56,27038.21,23,1,3,0.248,0,0.289,10,53.0,514.85,82,0
CUST102284,Male,South,Organic,Fashion,27,36465.38,32,0,4,0.28,5,0.387,2,93.51,217.71,101,0
CUST102285,Other,East,Search,Sports,34,174954.27,58,0,6,0.128,4,0.243,6,123.47,800.24,57,0
CUST102286,Male,North,Referral,Beauty,46,48374.69,28,1,11,0.548,0,0.462,6,81.03,434.87,158,0
CUST102287,Female,South,Social Media,Fashion,50,74763.96,38,0,7,0.417,5,0.187,1,75.39,74.48,49,1
CUST102288,Female,East,Search,Fashion,37,41848.5,33,1,9,0.366,0,0.387,6,91.36,577.55,50,1
CUST102289,Male,North,Referral,Groceries,32,22860.4,19,0,4,0.57,6,0.647,4,40.65,54.14,148,0
CUST102290,Female,East,Referral,Groceries,58,51204.36,50,0,7,0.339,2,0.412,10,100.45,921.09,22,1
CUST102291,Male,West,Search,Home & Living,63,49194.37,28,1,13,0.613,1,0.371,4,110.54,368.33,139,0
CUST102292,Female,South,Organic,Groceries,53,46496.84,23,1,9,0.326,3,0.348,4,80.67,334.56,195,0
CUST102293,Male,South,Social Media,Home & Living,41,52414.54,33,1,4,0.388,0,0.208,6,50.76,331.46,15,1
CUST102294,Female,West,Other,Groceries,29,61456.27,53,1,5,0.528,2,0.351,3,80.97,297.22,1,0
CUST102295,Female,West,Organic,Sports,29,51639.35,32,1,11,0.464,0,0.265,4,82.74,345.82,76,1
CUST102296,Male,South,Organic,Home & Living,47,32344.71,31,1,8,0.31,1,0.107,6,83.78,609.07,109,0
CUST102297,Male,South,Organic,Home & Living,45,67459.73,38,1,9,0.757,6,0.433,7,130.0,938.49,73,1
CUST102298,Male,East,Search,Electronics,58,24254.38,43,1,7,0.311,5,0.67,8,92.07,796.94,168,0
CUST102299,Male,East,Search,Fashion,48,23247.16,25,1,10,0.711,1,0.424,7,113.72,839.07,114,0
CUST102300,Female,North,Social Media,Groceries,20,75022.57,26,0,6,0.493,3,0.16,4,100.54,414.49,102,0
CUST102301,Female,South,Social Media,Groceries,54,68052.65,24,0,6,0.388,1,0.143,2,99.41,271.26,37,0
CUST102302,Male,West,Referral,Beauty,27,53690.02,37,0,4,0.425,2,0.62,3,82.82,278.59,41,1
CUST102303,Female,East,Search,Home & Living,35,30607.49,28,0,10,0.475,3,0.684,5,39.03,168.81,108,0
CUST102304,Female,West,Search,Electronics,43,40854.24,29,0,6,0.346,2,0.425,3,42.92,137.67,365,0
CUST102305,Female,West,Search,Groceries,66,49253.46,30,0,9,0.283,1,0.264,6,102.33,599.46,93,1
CUST102306,Male,West,Referral,Fashion,75,28136.22,13,1,5,0.473,0,0.047,4,90.22,326.08,5,1
CUST102307,Male,North,Search,Home & Living,48,40323.77,41,1,14,0.665,2,0.19,5,107.75,507.98,85,1
CUST102308,Male,West,Search,Home & Living,38,72335.28,24,0,11,0.211,1,0.4,4,61.63,274.76,96,1
CUST102309,Female,North,Search,Groceries,47,100163.26,29,0,1,0.444,7,0.106,9,107.61,906.37,154,0
CUST102310,Male,East,Search,Electronics,52,46116.49,22,1,6,0.298,4,0.23,5,100.43,514.52,39,1
CUST102311,Male,South,Social Media,Sports,36,75569.92,15,1,10,0.362,2,0.197,5,87.0,411.9,1,1
CUST102312,Male,South,Search,Beauty,63,24616.77,32,1,5,0.823,2,0.307,9,68.19,568.57,49,1
CUST102313,Female,West,Search,Fashion,43,72551.94,36,1,8,0.623,1,0.378,7,80.44,559.03,104,1
CUST102314,Male,West,Search,Home & Living,46,39239.15,72,1,10,0.196,0,0.184,4,75.52,308.59,33,1
CUST102315,Male,North,Referral,Home & Living,49,62578.29,21,0,6,0.443,2,0.301,4,80.24,412.75,127,1
CUST102316,Male,East,Organic,Groceries,45,49564.61,44,0,9,0.117,2,0.085,5,72.5,316.19,124,1
CUST102317,Male,South,Organic,Beauty,51,95765.94,24,1,7,0.591,1,0.339,9,114.9,1047.92,132,1
CUST102318,Female,South,Search,Fashion,32,38094.51,46,0,0,0.096,1,0.379,3,73.64,241.78,40,0
CUST102319,Male,West,Search,Beauty,33,71588.03,39,1,12,0.113,1,0.496,6,73.79,438.39,9,0
CUST102320,Male,South,Other,Groceries,26,48907.95,21,0,10,0.425,1,0.122,5,88.48,507.17,150,0
CUST102321,Female,West,Referral,Fashion,46,51462.06,14,1,17,0.273,2,0.168,8,71.16,580.68,7,1
CUST102322,Male,North,Referral,Electronics,50,50912.81,12,0,0,0.6,1,0.522,2,79.02,197.58,35,0
CUST102323,Male,East,Organic,Fashion,46,38557.49,49,0,9,0.252,1,0.125,2,61.5,94.64,56,1
CUST102324,Female,East,Organic,Fashion,62,54675.28,17,1,3,0.529,6,0.502,8,85.21,625.77,70,1
CUST102325,Male,South,Social Media,Groceries,40,53571.7,10,1,14,0.473,0,0.201,8,82.6,652.28,22,1
CUST102326,Male,South,Organic,Beauty,49,60864.74,48,0,9,0.163,2,0.23,5,80.25,392.06,55,0
CUST102327,Male,West,Search,Beauty,26,56987.12,29,1,6,0.638,2,0.228,8,85.22,665.83,1,0
CUST102328,Female,West,Search,Groceries,35,76898.85,25,1,11,0.354,1,0.486,6,97.91,600.14,1,1
CUST102329,Female,South,Referral,Groceries,49,81061.39,43,1,7,0.446,0,0.307,2,122.28,223.81,110,1
CUST102330,Female,East,Social Media,Sports,51,35377.34,24,1,10,0.386,2,0.486,6,69.5,397.38,18,0
CUST102331,Female,North,Referral,Groceries,36,79219.12,40,1,9,0.66,1,0.379,7,47.71,399.22,107,1
CUST102332,Male,North,Referral,Home & Living,39,33417.24,21,0,13,0.641,1,0.097,6,56.93,298.07,86,1
CUST102333,Male,South,Social Media,Groceries,20,70402.77,58,0,13,0.152,1,0.196,1,104.07,164.15,1,0
CUST102334,Female,North,Social Media,Beauty,35,71351.86,19,1,7,0.27,1,0.28,5,108.19,579.41,138,0
CUST102335,Female,West,Organic,Electronics,52,24645.15,41,1,12,0.224,2,0.156,7,70.15,542.37,85,1
CUST102336,Male,East,Organic,Beauty,47,57190.31,52,0,8,0.094,1,0.398,4,79.99,371.27,74,0
CUST102337,Female,West,Organic,Home & Living,47,45175.95,3,1,4,0.255,1,0.301,4,54.39,212.46,136,0
CUST102338,Male,East,Referral,Home & Living,41,39990.89,39,0,5,0.124,0,0.201,4,63.45,223.18,41,0
CUST102339,Male,West,Other,Home & Living,40,96998.08,19,0,14,0.439,1,0.227,4,84.56,324.27,55,0
CUST102340,Male,East,Search,Fashion,31,41795.47,42,0,8,0.052,0,0.443,6,90.84,544.75,1,0
CUST102341,Male,East,Referral,Beauty,49,39199.14,33,0,10,0.179,0,0.488,5,77.7,335.8,122,0
CUST102342,Female,West,Social Media,Groceries,45,56776.64,38,0,6,0.329,2,0.324,5,66.35,350.13,3,1
CUST102343,Female,East,Referral,Beauty,46,73352.81,28,0,5,0.385,1,0.596,7,66.57,447.38,36,0
CUST102344,Male,North,Referral,Electronics,33,51823.35,54,1,9,0.336,1,0.183,3,104.35,321.22,60,1
CUST102345,Male,East,Other,Home & Living,18,89766.23,12,0,6,0.219,1,0.634,6,88.12,520.07,244,0
CUST102346,Female,West,Social Media,Home & Living,54,68740.8,51,0,2,0.33,1,0.277,8,74.87,640.6,38,1
CUST102347,Male,West,Social Media,Groceries,34,22031.75,21,0,4,0.295,0,0.293,6,88.6,555.73,84,0
CUST102348,Female,East,Search,Fashion,29,44033.78,8,0,9,0.484,4,0.484,5,90.75,426.15,106,0
CUST102349,Male,East,Social Media,Electronics,49,43439.08,30,0,6,0.265,1,0.067,7,73.15,515.92,153,0
CUST102350,Female,West,Organic,Beauty,35,67266.66,20,0,7,0.319,4,0.384,4,65.29,163.41,130,1
CUST102351,Male,North,Search,Fashion,54,18263.6,37,0,8,0.333,1,0.409,3,100.85,282.5,107,1
CUST102352,Male,East,Other,Home & Living,48,160439.55,39,1,10,0.187,2,0.332,5,142.01,722.27,1,1
CUST102353,Male,South,Referral,Beauty,49,68742.26,27,0,11,0.327,3,0.078,5,88.45,399.04,63,1
CUST102354,Male,East,Social Media,Beauty,22,58548.85,38,0,3,0.464,3,0.444,4,58.48,268.23,37,1
CUST102355,Male,East,Search,Groceries,56,90341.02,34,0,9,0.265,3,0.153,4,108.12,374.1,65,1
CUST102356,Female,North,Organic,Electronics,43,147181.7,30,0,9,0.254,0,0.299,5,98.29,505.26,27,1
CUST102357,Male,North,Social Media,Home & Living,35,79284.83,26,1,12,0.119,2,0.127,5,110.3,544.59,10,0
CUST102358,Male,East,Organic,Beauty,42,81927.5,22,0,2,0.228,4,0.634,2,103.0,255.11,128,1
CUST102359,Female,North,Search,Home & Living,18,58103.33,71,0,8,0.552,0,0.272,6,66.79,375.68,44,0
CUST102360,Female,South,Organic,Groceries,45,51826.02,29,0,12,0.173,1,0.586,2,93.28,178.51,37,0
CUST102361,Female,West,Other,Sports,27,45037.66,35,1,8,0.376,1,0.472,7,76.53,595.52,1,0
CUST102362,Female,South,Referral,Electronics,22,38875.57,41,0,9,0.255,2,0.197,5,91.92,520.02,147,0
CUST102363,Male,South,Organic,Beauty,20,41214.38,25,1,11,0.23,4,0.58,5,73.35,281.1,137,0
CUST102364,Female,West,Organic,Sports,54,31190.07,36,0,4,0.058,1,0.221,1,91.65,25.19,3,0
CUST102365,Female,North,Other,Sports,32,53275.0,67,0,13,0.361,1,0.166,9,128.05,1215.57,183,1
CUST102366,Female,South,Social Media,Sports,60,27106.48,19,1,10,0.379,1,0.029,4,72.76,343.5,1,1
CUST102367,Male,East,Social Media,Fashion,33,59591.81,67,1,10,0.299,0,0.572,13,67.08,908.56,166,1
CUST102368,Male,West,Search,Home & Living,18,54167.13,43,1,3,0.391,1,0.028,7,87.4,607.03,106,0
CUST102369,Male,West,Referral,Home & Living,25,58501.13,21,0,10,0.031,2,0.256,7,90.5,632.44,65,0
CUST102370,Female,West,Organic,Electronics,56,44169.65,18,0,9,0.343,4,0.529,5,68.5,276.52,25,1
CUST102371,Female,West,Search,Home & Living,38,180000.0,67,0,12,0.205,0,0.275,7,125.4,858.29,151,1
CUST102372,Female,North,Organic,Fashion,33,97376.2,49,1,8,0.649,6,0.239,6,90.72,584.56,103,1
CUST102373,Male,North,Other,Beauty,42,32610.21,27,1,6,0.389,2,0.148,4,56.96,222.71,86,1
CUST102374,Female,South,Social Media,Fashion,47,60651.1,22,0,5,0.241,3,0.211,8,92.2,779.15,128,0
CUST102375,Female,North,Referral,Home & Living,55,42604.96,21,1,7,0.213,0,0.349,8,91.17,776.74,36,0
CUST102376,Male,East,Organic,Electronics,59,35918.47,26,1,5,0.523,1,0.109,3,70.65,255.09,105,1
CUST102377,Female,East,Social Media,Groceries,35,31327.71,28,0,11,0.73,1,0.331,7,58.62,430.65,66,1
CUST102378,Male,North,Organic,Groceries,23,65947.84,32,1,13,0.653,3,0.685,5,84.69,411.32,14,1
CUST102379,Female,West,Organic,Fashion,35,41312.02,17,1,8,0.338,3,0.165,2,83.57,177.82,19,1
CUST102380,Female,South,Organic,Beauty,43,82584.34,20,0,6,0.295,5,0.228,2,68.31,92.11,135,0
CUST102381,Female,South,Search,Electronics,27,83489.57,26,1,3,0.436,1,0.244,2,86.38,99.57,22,1
CUST102382,Female,East,Social Media,Sports,28,97942.17,72,0,9,0.187,0,0.153,4,116.17,473.7,7,0
CUST102383,Female,South,Referral,Home & Living,44,38448.93,34,1,14,0.45,2,0.305,0,97.73,0.0,40,1
CUST102384,Female,South,Organic,Sports,39,67153.88,13,1,7,0.157,2,0.045,12,89.62,1044.53,307,0
CUST102385,Male,North,Referral,Home & Living,40,71733.94,17,0,7,0.726,0,0.538,5,109.47,540.04,99,0
CUST102386,Female,South,Social Media,Fashion,30,45068.27,67,0,8,0.282,0,0.207,4,74.37,337.02,30,1
CUST102387,Male,West,Organic,Fashion,37,39773.03,54,1,14,0.46,2,0.551,10,79.09,843.48,63,1
CUST102388,Male,West,Organic,Groceries,28,108129.75,24,0,8,0.16,2,0.194,2,104.05,166.13,197,0
CUST102389,Female,South,Other,Electronics,52,60514.41,38,0,8,0.531,2,0.381,6,92.26,641.91,97,1
CUST102390,Female,South,Other,Home & Living,53,71839.87,36,0,8,0.198,0,0.265,5,117.57,606.18,136,0
CUST102391,Male,East,Other,Electronics,18,38941.53,29,1,4,0.145,4,0.367,3,61.69,209.92,111,0
CUST102392,Male,West,Social Media,Home & Living,28,32957.99,18,1,4,0.521,1,0.18,4,93.82,331.1,72,1
CUST102393,Male,South,Organic,Electronics,21,43300.5,10,0,4,0.78,3,0.353,3,70.41,208.98,108,0
CUST102394,Male,South,Organic,Sports,32,52208.44,46,1,12,0.426,1,0.239,4,65.41,257.18,84,1
CUST102395,Male,West,Referral,Electronics,39,35175.89,37,0,6,0.08,1,0.511,2,82.68,86.34,55,1
CUST102396,Female,East,Referral,Electronics,21,54773.05,19,1,7,0.388,0,0.528,4,79.32,315.53,1,0
CUST102397,Male,North,Other,Sports,28,27062.82,53,1,7,0.476,5,0.139,8,102.49,855.92,112,1
CUST102398,Male,East,Social Media,Fashion,27,34360.69,65,0,7,0.237,1,0.128,6,58.49,327.14,136,1
CUST102399,Male,North,Social Media,Sports,43,72901.99,33,0,12,0.539,1,0.195,5,79.73,364.76,39,0
CUST102400,Other,East,Organic,Groceries,41,70875.53,29,0,7,0.698,2,0.319,3,91.82,323.28,29,1
CUST102401,Male,East,Other,Electronics,31,46653.36,11,0,4,0.336,4,0.5,4,47.4,198.49,83,0
CUST102402,Male,West,Social Media,Home & Living,42,35868.96,27,1,9,0.288,4,0.422,7,103.83,723.88,28,0
CUST102403,Male,South,Organic,Groceries,33,35724.03,16,0,13,0.303,2,0.279,5,95.72,486.11,68,1
CUST102404,Female,South,Social Media,Sports,36,47019.41,27,1,7,0.503,0,0.187,8,100.45,829.35,108,1
CUST102405,Female,North,Organic,Groceries,62,72098.34,50,1,5,0.313,1,0.326,5,105.82,568.31,63,0
CUST102406,Male,West,Organic,Beauty,57,81222.83,41,1,7,0.468,1,0.265,8,116.47,976.83,82,1
CUST102407,Male,North,Search,Fashion,23,44647.12,54,0,7,0.023,3,0.538,12,80.8,988.92,53,0
CUST102408,Male,South,Search,Fashion,51,33881.41,25,1,11,0.291,0,0.361,4,102.81,469.62,4,1
CUST102409,Female,North,Organic,Groceries,51,61548.63,14,1,12,0.393,2,0.202,6,128.92,691.55,57,1
CUST102410,Female,West,Referral,Groceries,25,38917.67,25,1,5,0.275,1,0.066,4,80.68,371.94,25,1
CUST102411,Male,South,Other,Groceries,51,44241.67,34,1,6,0.359,2,0.483,5,86.27,422.21,1,1
CUST102412,Male,South,Search,Beauty,60,95961.7,55,0,6,0.359,4,0.445,4,100.08,348.37,79,1
CUST102413,Male,South,Social Media,Beauty,25,77845.16,46,0,9,0.144,1,0.058,6,66.81,448.36,27,0
CUST102414,Male,West,Organic,Electronics,28,58772.99,10,1,5,0.254,5,0.143,11,92.2,1016.38,1,1
CUST102415,Female,East,Organic,Fashion,53,32237.4,33,1,7,0.712,2,0.162,6,58.4,392.62,159,1
CUST102416,Male,East,Organic,Groceries,44,60106.61,50,1,7,0.287,2,0.357,6,116.56,688.51,72,0
CUST102417,Male,West,Organic,Electronics,47,85939.99,57,0,10,0.155,2,0.549,7,119.93,856.05,171,0
CUST102418,Male,West,Organic,Fashion,44,46972.72,52,1,10,0.579,1,0.533,6,74.87,442.43,12,1
CUST102419,Female,South,Organic,Electronics,45,97008.74,20,0,10,0.416,2,0.124,3,80.84,243.91,6,0
CUST102420,Female,West,Search,Home & Living,23,94659.5,20,0,11,0.476,4,0.215,2,109.68,194.01,12,1
CUST102421,Male,North,Referral,Sports,54,110620.01,71,0,6,0.462,0,0.44,4,79.49,264.96,80,1
CUST102422,Male,South,Social Media,Electronics,55,62523.05,23,0,3,0.46,0,0.403,1,74.13,28.13,196,0
CUST102423,Male,West,Organic,Electronics,37,70389.05,65,0,3,0.614,0,0.341,4,69.64,289.11,84,1
CUST102424,Female,South,Referral,Sports,39,99612.92,17,1,3,0.451,0,0.426,9,114.01,1001.61,24,1
CUST102425,Male,South,Organic,Groceries,20,66369.57,27,1,7,0.57,1,0.333,9,97.88,905.62,63,1
CUST102426,Female,South,Search,Sports,47,44559.03,8,1,8,0.623,1,0.212,7,93.8,650.69,61,1
CUST102427,Female,East,Organic,Home & Living,47,45556.13,26,1,11,0.135,3,0.291,7,87.61,592.1,87,1
CUST102428,Female,South,Other,Beauty,39,60796.14,18,0,7,0.361,0,0.208,4,96.6,465.16,148,0
CUST102429,Male,East,Social Media,Fashion,55,31985.97,41,1,7,0.366,0,0.164,5,87.49,410.1,37,1
CUST102430,Female,West,Search,Sports,36,51788.31,41,1,8,0.196,1,0.364,4,116.21,472.86,42,0
CUST102431,Female,East,Organic,Home & Living,47,87171.98,37,1,5,0.478,1,0.511,5,121.76,687.12,21,0
CUST102432,Male,North,Search,Beauty,27,21911.39,19,1,12,0.378,1,0.079,3,62.03,228.11,62,0
CUST102433,Male,West,Social Media,Beauty,40,104775.05,54,0,4,0.323,0,0.143,7,93.77,670.62,159,1
CUST102434,Male,South,Organic,Fashion,38,88122.72,30,0,3,0.327,1,0.166,4,90.17,329.96,112,0
CUST102435,Male,North,Search,Groceries,43,45341.92,43,0,10,0.365,3,0.09,3,62.78,96.79,58,1
CUST102436,Male,North,Social Media,Sports,35,69100.18,52,1,11,0.444,1,0.338,9,114.08,909.98,1,1
CUST102437,Female,East,Social Media,Home & Living,38,55072.76,32,0,1,0.219,2,0.492,4,96.45,368.39,103,1
CUST102438,Male,North,Social Media,Beauty,51,92197.14,13,1,12,0.158,1,0.183,8,101.56,890.05,5,1
CUST102439,Female,North,Social Media,Sports,34,83101.28,34,0,5,0.407,1,0.449,2,99.42,164.21,26,0
CUST102440,Male,South,Other,Electronics,19,30548.13,27,1,8,0.265,1,0.391,7,69.04,437.68,15,0
CUST102441,Other,South,Referral,Fashion,63,70385.23,18,0,8,0.121,3,0.22,6,110.87,654.48,66,0
CUST102442,Male,East,Search,Groceries,58,50449.33,61,0,9,0.049,1,0.331,4,82.67,336.65,51,1
CUST102443,Female,West,Social Media,Electronics,23,56947.11,25,0,8,0.325,2,0.637,2,43.5,99.57,135,0
CUST102444,Male,West,Search,Beauty,49,40508.06,40,1,9,0.593,8,0.376,6,65.05,442.43,1,1
CUST102445,Male,South,Other,Fashion,33,114611.8,45,0,6,0.279,1,0.54,3,124.84,335.12,33,0
CUST102446,Female,South,Organic,Sports,43,85128.27,34,1,10,0.508,1,0.664,6,99.08,651.69,1,1
CUST102447,Male,West,Referral,Sports,44,40311.2,23,0,7,0.108,0,0.419,4,85.47,371.19,76,0
CUST102448,Female,North,Referral,Groceries,37,31399.65,12,1,15,0.271,2,0.344,5,79.1,368.82,1,0
CUST102449,Female,West,Organic,Fashion,30,46775.08,37,0,9,0.296,0,0.201,7,51.82,321.52,29,0
CUST102450,Male,North,Organic,Beauty,31,66011.19,25,1,6,0.355,0,0.166,9,73.01,597.5,28,1
CUST102451,Female,West,Social Media,Home & Living,28,60838.31,70,0,5,0.298,2,0.371,5,101.42,559.54,329,1
CUST102452,Female,South,Organic,Beauty,29,93097.65,20,1,9,0.496,1,0.05,2,120.16,226.44,141,0
CUST102453,Male,South,Social Media,Electronics,39,76638.49,8,0,11,0.359,3,0.476,8,65.67,511.34,3,1
CUST102454,Female,East,Search,Electronics,31,82644.82,15,1,13,0.216,1,0.64,9,120.03,1091.22,133,0
CUST102455,Female,East,Organic,Fashion,49,63093.17,52,1,8,0.291,1,0.357,7,87.14,560.0,50,1
CUST102456,Male,South,Organic,Fashion,59,30686.65,46,0,4,0.177,3,0.5,3,83.01,317.45,131,0
CUST102457,Male,East,Search,Sports,32,50660.16,61,0,4,0.499,1,0.176,7,79.62,572.17,200,0
CUST102458,Female,East,Social Media,Sports,43,85847.36,27,1,10,0.428,3,0.072,7,114.45,814.72,1,1
CUST102459,Male,North,Social Media,Fashion,46,53822.61,43,1,16,0.317,3,0.513,8,107.41,855.04,12,1
CUST102460,Male,North,Social Media,Fashion,46,67940.42,33,0,9,0.17,1,0.13,8,82.65,599.47,41,1
CUST102461,Male,South,Other,Fashion,41,48108.5,21,0,2,0.315,5,0.498,4,101.01,451.72,34,0
CUST102462,Female,North,Search,Home & Living,50,35687.92,30,0,5,0.241,4,0.454,8,104.1,934.93,4,1
CUST102463,Male,East,Other,Groceries,46,52223.3,24,0,5,0.307,0,0.438,4,90.85,325.16,111,0
CUST102464,Male,North,Social Media,Beauty,24,62623.03,59,0,4,0.395,1,0.48,4,63.66,212.92,27,1
CUST102465,Female,South,Social Media,Groceries,51,41760.23,21,1,8,0.519,1,0.321,3,98.06,255.85,109,0
CUST102466,Male,North,Organic,Beauty,52,49815.91,64,0,8,0.383,1,0.31,7,76.08,499.67,102,0
CUST102467,Male,East,Other,Groceries,30,37068.17,20,1,11,0.572,0,0.169,7,76.89,603.97,68,1
CUST102468,Other,North,Referral,Fashion,40,88006.97,24,1,12,0.22,4,0.142,4,86.93,302.03,43,1
CUST102469,Female,North,Social Media,Beauty,49,48601.86,31,0,9,0.353,0,0.102,4,109.41,543.73,106,0
CUST102470,Female,North,Organic,Beauty,37,101239.65,20,1,3,0.526,3,0.208,1,105.77,190.01,49,0
CUST102471,Male,West,Referral,Fashion,54,104523.01,31,1,5,0.339,1,0.378,9,137.16,1270.76,43,0
CUST102472,Female,North,Organic,Electronics,71,53159.34,33,0,6,0.076,1,0.379,4,104.24,443.87,51,0
CUST102473,Male,East,Referral,Fashion,30,36009.57,57,0,7,0.245,3,0.285,4,60.76,282.74,9,0
CUST102474,Male,North,Organic,Groceries,22,22902.73,8,1,12,0.535,0,0.413,6,62.54,351.15,178,0
CUST102475,Male,North,Social Media,Beauty,44,29638.6,20,1,9,0.572,3,0.626,8,81.2,598.28,80,1
CUST102476,Male,East,Organic,Home & Living,49,30886.6,68,0,7,0.208,3,0.265,5,77.27,392.35,84,0
CUST102477,Female,South,Referral,Electronics,37,98129.73,24,0,8,0.233,1,0.439,5,90.9,394.02,29,1
CUST102478,Male,West,Organic,Fashion,59,57741.69,24,0,6,0.452,1,0.328,5,109.54,514.82,84,1
CUST102479,Female,West,Search,Fashion,23,64778.07,19,0,7,0.214,0,0.304,4,84.93,375.15,39,1
CUST102480,Female,West,Organic,Groceries,49,21644.61,42,0,11,0.387,4,0.226,2,79.65,178.32,44,1
CUST102481,Female,East,Organic,Groceries,32,33254.41,11,1,9,0.258,5,0.125,5,63.23,379.92,99,1
CUST102482,Male,South,Search,Sports,62,79830.58,36,1,9,0.237,2,0.084,6,74.16,432.35,16,1
CUST102483,Female,South,Search,Fashion,66,62039.94,72,0,7,0.205,0,0.368,4,108.82,515.36,142,0
CUST102484,Male,West,Organic,Beauty,30,51702.54,10,1,13,0.207,0,0.272,1,70.59,41.32,1,0
CUST102485,Male,East,Organic,Home & Living,33,69725.56,42,0,3,0.403,1,0.413,4,82.56,371.66,46,1
CUST102486,Other,East,Organic,Home & Living,51,109329.72,14,0,13,0.052,1,0.238,6,104.45,634.56,90,1
CUST102487,Male,North,Other,Home & Living,35,50123.77,37,0,3,0.203,0,0.324,3,83.56,300.79,124,0
CUST102488,Male,North,Referral,Sports,39,56626.01,36,0,5,0.378,6,0.545,4,75.61,270.02,1,1
CUST102489,Female,West,Search,Home & Living,40,59633.88,44,0,9,0.435,1,0.407,8,70.87,607.29,24,0
CUST102490,Male,South,Organic,Fashion,18,150207.73,22,1,12,0.553,0,0.157,3,110.59,353.66,189,1
CUST102491,Female,South,Search,Fashion,40,22773.64,23,0,3,0.167,3,0.082,6,41.9,213.44,39,1
CUST102492,Male,North,Organic,Electronics,31,73279.94,45,1,5,0.547,1,0.228,11,103.74,1243.54,3,1
CUST102493,Male,West,Organic,Beauty,34,52410.99,22,0,8,0.436,5,0.4,5,91.16,451.0,21,1
CUST102494,Male,North,Referral,Home & Living,59,69782.08,47,0,15,0.452,1,0.251,7,101.53,749.76,14,1
CUST102495,Male,West,Referral,Fashion,24,41730.69,6,1,13,0.758,2,0.649,5,85.42,455.81,1,1
CUST102496,Male,North,Organic,Beauty,51,53880.46,34,1,8,0.414,1,0.317,7,113.94,743.4,1,1
CUST102497,Female,West,Search,Sports,36,74152.64,46,0,0,0.391,2,0.407,4,111.16,489.73,187,0
CUST102498,Female,East,Other,Home & Living,36,180000.0,27,1,9,0.494,3,0.209,8,153.52,1175.56,144,1
CUST102499,Female,North,Referral,Beauty,50,77223.85,59,1,10,0.279,0,0.171,10,101.3,995.19,149,0
CUST102500,Male,East,Search,Home & Living,44,38518.77,22,1,8,0.731,4,0.188,7,84.96,611.03,46,1
